Date,Open,High,Low,Close,Volume,MA_5,MA_20,Daily_Return,Target_Next_Close
2023-01-01,149.93,151.39,148.97,150.7,1866359,149.18,149.07,-0.0042,150.07
2023-01-02,150.41,150.75,149.75,150.07,1584410,149.18,149.07,-0.0042,148.73
2023-01-03,150.23,150.46,148.66,148.73,2690911,149.18,149.07,-0.0089,148.47
2023-01-04,148.79,149.14,148.15,148.47,2418275,149.18,149.07,-0.0017,147.95
2023-01-05,147.95,148.69,147.81,147.95,2062844,149.18,149.07,-0.0035,144.52
2023-01-06,147.44,147.47,143.79,144.52,1736662,147.95,149.07,-0.0232,144.84
2023-01-07,144.33,145.13,143.65,144.84,2457384,146.9,149.07,0.0022,145.5
2023-01-08,144.08,146.33,143.63,145.5,1791132,146.26,149.07,0.0046,145.91
2023-01-09,146.0,146.61,145.61,145.91,2131282,145.74,149.07,0.0028,148.04
2023-01-10,145.71,148.52,145.64,148.04,2468619,145.76,149.07,0.0146,150.02
2023-01-11,147.78,150.27,147.43,150.02,2399614,146.86,149.07,0.0134,151.22
2023-01-12,150.7,151.77,150.3,151.22,2279247,148.14,149.07,0.008,151.81
2023-01-13,151.35,152.31,150.92,151.81,1402826,149.4,149.07,0.0039,151.31
2023-01-14,151.92,152.03,151.09,151.31,2661699,150.48,149.07,-0.0033,148.44
2023-01-15,151.29,151.81,147.2,148.44,1882528,150.56,149.07,-0.019,149.29
2023-01-16,148.82,149.45,148.55,149.29,2329240,150.41,149.07,0.0057,151.29
2023-01-17,150.39,151.49,150.06,151.29,2009974,150.43,149.07,0.0134,150.82
2023-01-18,151.56,151.78,150.13,150.82,1895502,150.23,149.07,-0.0031,151.45
2023-01-19,150.2,152.01,149.31,151.45,1338168,150.26,149.07,0.0042,151.02
2023-01-20,150.73,151.88,149.84,151.02,1608404,150.77,149.07,-0.0028,150.14
2023-01-21,151.14,151.73,149.85,150.14,2914061,150.94,149.04,-0.0058,150.49
2023-01-22,149.76,150.65,149.03,150.49,2585200,150.78,149.06,0.0023,149.77
2023-01-23,150.12,150.35,149.51,149.77,1933176,150.57,149.12,-0.0048,151.67
2023-01-24,151.14,152.2,151.06,151.67,1950462,150.62,149.28,0.0127,150.32
2023-01-25,151.91,152.34,149.61,150.32,2185832,150.48,149.39,-0.0089,150.76
2023-01-26,150.85,151.24,150.53,150.76,1750416,150.6,149.71,0.0029,149.53
2023-01-27,150.83,151.35,149.37,149.53,2130491,150.41,149.94,-0.0082,150.84
2023-01-28,149.98,151.16,149.39,150.84,2082975,150.62,150.21,0.0088,152.28
2023-01-29,151.41,153.07,150.71,152.28,1827998,150.75,150.53,0.0095,153.42
2023-01-30,152.26,153.76,152.23,153.42,2124838,151.37,150.79,0.0075,153.28
2023-01-31,153.97,154.49,153.1,153.28,1664041,151.87,150.96,-0.0009,155.51
2023-02-01,154.47,156.57,153.57,155.51,2357617,153.07,151.17,0.0145,154.97
2023-02-02,155.94,156.2,154.5,154.97,2197623,153.89,151.33,-0.0035,156.44
2023-02-03,155.13,156.46,154.34,156.44,2583657,154.72,151.59,0.0095,153.94
2023-02-04,156.2,157.08,153.66,153.94,2167845,154.83,151.86,-0.016,154.48
2023-02-05,153.3,154.95,153.2,154.48,1445035,155.07,152.12,0.0035,155.94
2023-02-06,153.76,156.79,153.26,155.94,1563216,155.15,152.35,0.0095,156.98
2023-02-07,156.27,157.52,156.2,156.98,2590748,155.56,152.66,0.0067,157.07
2023-02-08,157.27,157.86,156.75,157.07,1874899,155.68,152.94,0.0006,156.82
2023-02-09,157.54,158.48,156.21,156.82,2234899,156.26,153.23,-0.0016,158.27
2023-02-10,157.13,158.76,156.59,158.27,2592416,157.02,153.64,0.0092,158.18
2023-02-11,159.04,159.41,157.8,158.18,2084986,157.46,154.02,-0.0006,159.06
2023-02-12,158.02,159.66,157.56,159.06,2009770,157.88,154.49,0.0056,160.58
2023-02-13,159.67,160.72,158.94,160.58,2275133,158.58,154.93,0.0096,160.38
2023-02-14,160.24,161.17,159.79,160.38,1623830,159.29,155.44,-0.0012,159.7
2023-02-15,160.16,160.72,159.03,159.7,2376954,159.58,155.88,-0.0042,156.84
2023-02-16,158.99,159.28,156.4,156.84,2110055,159.31,156.25,-0.0179,158.92
2023-02-17,156.69,159.42,156.39,158.92,1943431,159.28,156.65,0.0133,160.49
2023-02-18,159.69,160.96,159.07,160.49,2293020,159.27,157.06,0.0099,159.94
2023-02-19,160.52,161.32,159.3,159.94,1991372,159.18,157.39,-0.0034,162.81
2023-02-20,159.56,163.57,159.0,162.81,3104603,159.8,157.87,0.0179,162.13
2023-02-21,163.32,163.37,162.06,162.13,2132603,160.86,158.2,-0.0042,161.09
2023-02-22,163.05,163.9,160.73,161.09,1301854,161.29,158.5,-0.0064,161.91
2023-02-23,159.86,162.14,159.39,161.91,1943784,161.58,158.78,0.0051,160.26
2023-02-24,161.84,162.38,159.6,160.26,2298785,161.64,159.09,-0.0102,158.71
2023-02-25,160.38,161.49,158.18,158.71,2738152,160.82,159.3,-0.0097,158.84
2023-02-26,159.2,159.89,157.93,158.84,1569340,160.16,159.45,0.0008,160.34
2023-02-27,159.29,160.8,158.73,160.34,1152167,160.01,159.62,0.0094,157.77
2023-02-28,160.31,160.92,157.28,157.77,1184037,159.18,159.65,-0.016,157.11
2023-03-01,157.22,157.87,156.39,157.11,1841192,158.55,159.67,-0.0042,155.94
2023-03-02,156.71,157.18,155.75,155.94,1731933,158.0,159.55,-0.0074,154.42
2023-03-03,156.2,157.06,153.66,154.42,1702843,157.12,159.36,-0.0097,152.87
2023-03-04,153.27,153.31,151.96,152.87,2788797,155.62,159.05,-0.01,152.54
2023-03-05,152.89,153.68,152.33,152.54,2002235,154.58,158.65,-0.0022,150.71
2023-03-06,151.82,152.13,150.53,150.71,2813722,153.3,158.17,-0.012,153.24
2023-03-07,151.9,154.04,151.53,153.24,2753895,152.76,157.84,0.0168,155.6
2023-03-08,154.19,155.68,153.53,155.6,1691159,152.99,157.78,0.0154,153.64
2023-03-09,154.35,155.06,153.02,153.64,1930649,153.15,157.52,-0.0126,153.92
2023-03-10,153.15,154.45,152.43,153.92,1314183,153.42,157.19,0.0018,154.9
2023-03-11,154.06,155.22,153.7,154.9,1832891,154.26,156.94,0.0064,154.21
2023-03-12,154.29,154.6,153.7,154.21,1610482,154.45,156.51,-0.0045,154.21
2023-03-13,154.77,155.5,153.93,154.21,3254682,154.18,156.11,0.0,154.49
2023-03-14,153.91,155.01,153.46,154.49,2532783,154.35,155.78,0.0018,154.73
2023-03-15,154.33,155.13,153.66,154.73,2461589,154.51,155.42,0.0016,156.35
2023-03-16,154.52,156.46,154.33,156.35,1248214,154.8,155.23,0.0105,155.72
2023-03-17,156.23,156.97,154.95,155.72,2007399,155.1,155.08,-0.004,154.09
2023-03-18,156.29,156.89,153.72,154.09,2262179,155.08,154.84,-0.0105,156.97
2023-03-19,153.55,157.23,152.59,156.97,2149707,155.57,154.67,0.0187,156.1
2023-03-20,156.48,156.85,155.49,156.1,2322429,155.85,154.59,-0.0055,153.92
2023-03-21,155.28,155.87,153.74,153.92,1748155,155.36,154.43,-0.014,154.89
2023-03-22,153.89,155.48,153.73,154.89,3265224,155.19,154.38,0.0063,156.0
2023-03-23,155.78,156.68,155.22,156.0,2169616,155.58,154.45,0.0072,158.15
2023-03-24,155.74,158.36,155.28,158.15,1991057,155.81,154.72,0.0138,160.35
2023-03-25,158.69,160.67,157.93,160.35,1106096,156.66,155.11,0.0139,160.7
2023-03-26,161.18,161.61,160.65,160.7,1859356,158.02,155.61,0.0022,160.85
2023-03-27,161.24,161.29,160.66,160.85,2203025,159.21,155.99,0.0009,164.76
2023-03-28,160.88,165.27,160.39,164.76,2054391,160.96,156.45,0.0243,165.85
2023-03-29,166.05,166.21,164.93,165.85,1007059,162.5,157.06,0.0066,165.17
2023-03-30,165.66,165.74,164.9,165.17,1512701,163.47,157.62,-0.0041,167.77
2023-03-31,165.12,168.28,164.84,167.77,1662243,164.88,158.26,0.0157,166.32
2023-04-01,168.13,168.56,165.93,166.32,2298639,165.97,158.87,-0.0086,166.67
2023-04-02,165.99,166.89,165.99,166.67,2859347,166.36,159.49,0.0021,164.93
2023-04-03,165.97,166.0,164.25,164.93,1451498,166.17,160.01,-0.0104,168.07
2023-04-04,165.42,168.56,165.02,168.07,2624880,166.75,160.68,0.019,166.44
2023-04-05,168.44,168.99,166.0,166.44,1973876,166.49,161.19,-0.0097,166.17
2023-04-06,165.63,166.83,164.52,166.17,2300950,166.46,161.71,-0.0016,167.06
2023-04-07,166.66,168.06,165.85,167.06,1255385,166.53,162.36,0.0054,164.99
2023-04-08,166.89,167.45,164.92,164.99,2234790,166.55,162.76,-0.0124,164.07
2023-04-09,165.52,165.73,162.78,164.07,2192314,165.75,163.16,-0.0056,164.67
2023-04-10,164.38,164.72,163.88,164.67,1688106,165.39,163.69,0.0037,165.53
2023-04-11,165.56,165.87,164.48,165.53,2298373,165.26,164.23,0.0052,163.82
2023-04-12,164.65,165.49,163.72,163.82,1869805,164.62,164.62,-0.0103,165.22
2023-04-13,164.36,165.97,163.72,165.22,1938186,164.66,164.97,0.0085,163.16
2023-04-14,165.63,166.17,162.53,163.16,1876485,164.48,165.11,-0.0125,163.24
2023-04-15,163.17,164.02,162.83,163.24,2007661,164.19,165.24,0.0005,162.04
2023-04-16,162.72,163.6,161.62,162.04,2027275,163.5,165.3,-0.0074,162.87
2023-04-17,161.3,163.45,160.53,162.87,2002753,163.31,165.2,0.0051,164.23
2023-04-18,162.61,164.48,161.84,164.23,2110341,163.11,165.12,0.0084,166.36
2023-04-19,163.97,166.73,163.55,166.36,1427672,163.75,165.18,0.013,164.03
2023-04-20,165.39,165.53,163.85,164.03,2286515,163.91,164.99,-0.014,165.42
2023-04-21,163.93,165.91,163.22,165.42,1510123,164.58,164.95,0.0085,165.23
2023-04-22,164.64,165.75,164.29,165.23,1713956,165.05,164.88,-0.0011,167.1
2023-04-23,164.95,167.35,164.3,167.1,1731915,165.63,164.99,0.0113,167.65
2023-04-24,166.68,168.2,166.29,167.65,2239198,165.89,164.96,0.0033,168.26
2023-04-25,167.81,168.96,166.71,168.26,1888220,166.73,165.06,0.0036,166.66
2023-04-26,167.84,168.34,165.96,166.66,1534187,166.98,165.08,-0.0095,170.21
2023-04-27,166.4,170.56,165.59,170.21,2286848,167.98,165.24,0.0213,173.47
2023-04-28,170.68,174.09,170.05,173.47,2301957,169.25,165.66,0.0192,175.88
2023-04-29,173.79,176.33,173.25,175.88,2553318,170.9,166.25,0.0139,174.57
2023-04-30,175.77,176.27,173.82,174.57,1377778,172.16,166.75,-0.0074,176.64
2023-05-01,175.65,177.04,175.08,176.64,2078666,174.15,167.3,0.0119,179.11
2023-05-02,176.72,179.73,176.28,179.11,1790048,175.93,168.07,0.014,180.16
2023-05-03,178.35,180.49,177.73,180.16,2745552,177.27,168.81,0.0059,179.47
2023-05-04,179.55,179.99,178.77,179.47,2435137,177.99,169.63,-0.0038,178.0
2023-05-05,179.9,180.6,177.53,178.0,2904057,178.68,170.37,-0.0082,176.06
2023-05-06,177.65,177.95,175.54,176.06,1868379,178.56,171.07,-0.0109,176.82
2023-05-07,176.29,177.5,175.66,176.82,2266166,178.1,171.77,0.0043,178.32
2023-05-08,176.31,178.81,175.7,178.32,1648310,177.73,172.47,0.0085,178.19
2023-05-09,177.98,178.95,177.68,178.19,1772912,177.48,173.06,-0.0007,176.62
2023-05-10,179.43,179.78,175.81,176.62,1521504,177.2,173.69,-0.0088,175.16
2023-05-11,176.59,177.09,175.01,175.16,2711613,177.02,174.18,-0.0083,176.36
2023-05-12,175.03,176.84,174.58,176.36,1659856,176.93,174.74,0.0069,175.81
2023-05-13,176.65,177.57,175.04,175.81,1995045,176.43,175.17,-0.0031,174.57
2023-05-14,175.52,176.35,174.04,174.57,2418605,175.7,175.52,-0.0071,177.3
2023-05-15,174.67,177.6,174.32,177.3,1827337,175.84,175.97,0.0156,178.26
2023-05-16,177.6,179.1,176.22,178.26,1922789,176.46,176.55,0.0054,177.06
2023-05-17,177.43,178.05,176.37,177.06,1759567,176.6,176.89,-0.0067,178.66
2023-05-18,176.28,179.76,175.81,178.66,2869388,177.17,177.15,0.009,178.87
2023-05-19,177.87,179.81,176.96,178.87,1704158,178.03,177.3,0.0012,179.65
2023-05-20,179.03,180.06,179.03,179.65,1944156,178.5,177.55,0.0044,180.52
2023-05-21,178.78,180.91,178.61,180.52,1446403,178.95,177.75,0.0048,181.23
2023-05-22,179.47,181.81,179.05,181.23,2566583,179.79,177.85,0.0039,180.56
2023-05-23,181.06,181.46,179.43,180.56,2142809,180.17,177.87,-0.0037,181.06
2023-05-24,180.39,181.39,179.88,181.06,1673816,180.6,177.95,0.0028,182.14
2023-05-25,181.02,182.66,180.92,182.14,2401706,181.1,178.16,0.006,182.24
2023-05-26,181.7,182.86,181.48,182.24,2271161,181.45,178.47,0.0005,182.28
2023-05-27,183.2,183.64,181.72,182.28,2379104,181.66,178.74,0.0002,183.53
2023-05-28,182.76,184.12,182.4,183.53,1997518,182.25,179.0,0.0069,183.93
2023-05-29,182.96,184.92,182.8,183.93,2103548,182.82,179.29,0.0022,182.99
2023-05-30,184.1,185.03,182.32,182.99,2127838,182.99,179.61,-0.0051,184.26
2023-05-31,183.34,184.67,182.43,184.26,1900321,183.4,180.06,0.0069,184.02
2023-06-01,183.82,184.99,183.78,184.02,1833947,183.75,180.45,-0.0013,187.01
2023-06-02,184.53,187.31,183.35,187.01,2434855,184.44,181.01,0.0162,185.97
2023-06-03,186.43,186.47,185.03,185.97,1263916,184.85,181.58,-0.0056,187.31
2023-06-04,186.39,188.03,185.81,187.31,2015960,185.71,182.08,0.0072,187.22
2023-06-05,187.29,187.5,186.98,187.22,1562851,186.31,182.53,-0.0005,187.83
2023-06-06,186.43,188.03,185.65,187.83,1562992,187.07,183.06,0.0033,188.43
2023-06-07,188.75,189.32,187.89,188.43,1580832,187.35,183.55,0.0032,188.43
2023-06-08,188.22,188.96,187.56,188.43,1987126,187.84,184.03,0.0,189.08
2023-06-09,189.0,189.49,188.58,189.08,2320356,188.2,184.5,0.0034,189.28
2023-06-10,189.71,190.0,188.7,189.28,1617587,188.61,184.94,0.0011,192.34
2023-06-11,189.11,192.98,188.24,192.34,2776616,189.51,185.5,0.0162,193.52
2023-06-12,193.63,193.89,192.53,193.52,2805938,190.53,186.14,0.0061,191.9
2023-06-13,192.71,193.38,191.73,191.9,1665361,191.22,186.69,-0.0084,191.49
2023-06-14,191.12,192.09,190.37,191.49,1208887,191.71,187.15,-0.0021,191.94
2023-06-15,191.36,192.96,190.83,191.94,1678519,192.24,187.64,0.0023,191.51
2023-06-16,191.24,191.98,191.01,191.51,1659361,192.07,188.1,-0.0022,193.12
2023-06-17,191.24,193.2,190.72,193.12,2333355,191.99,188.58,0.0084,193.27
2023-06-18,192.96,193.81,192.51,193.27,2296801,192.27,189.05,0.0008,194.37
2023-06-19,192.92,194.8,192.39,194.37,2297226,192.84,189.61,0.0057,196.22
2023-06-20,195.62,196.72,194.87,196.22,2005064,193.7,190.21,0.0095,196.38
2023-06-21,196.51,197.19,196.03,196.38,1862232,194.67,190.83,0.0008,196.44
2023-06-22,196.38,197.26,195.73,196.44,1956704,195.34,191.3,0.0003,196.42
2023-06-23,195.17,196.94,194.79,196.42,1557906,195.97,191.82,-0.0001,194.96
2023-06-24,196.35,196.49,194.28,194.96,2723270,196.08,192.21,-0.0074,196.46
2023-06-25,194.62,196.95,194.28,196.46,1789208,196.13,192.67,0.0077,195.99
2023-06-26,196.55,197.1,195.49,195.99,2167370,196.05,193.08,-0.0024,197.27
2023-06-27,195.46,197.71,195.0,197.27,2438243,196.22,193.52,0.0065,198.48
2023-06-28,197.65,198.81,197.37,198.48,1733048,196.63,194.02,0.0061,198.59
2023-06-29,197.99,199.08,197.9,198.59,3026605,197.36,194.5,0.0006,197.51
2023-06-30,198.15,198.6,196.49,197.51,1419892,197.57,194.91,-0.0054,195.68
2023-07-01,198.08,198.24,195.66,195.68,1791592,197.51,195.08,-0.0093,196.96
2023-07-02,195.83,197.85,194.86,196.96,1981879,197.44,195.25,0.0065,195.74
2023-07-03,196.85,197.37,195.16,195.74,1769316,196.9,195.44,-0.0062,193.25
2023-07-04,195.25,196.11,192.95,193.25,1536056,195.83,195.53,-0.0127,193.68
2023-07-05,192.86,194.45,192.18,193.68,2605796,195.06,195.62,0.0022,195.97
2023-07-06,193.96,196.61,192.81,195.97,1695227,195.12,195.84,0.0118,197.76
2023-07-07,196.35,198.44,196.1,197.76,2132956,195.28,196.07,0.0091,195.23
2023-07-08,196.77,197.89,195.06,195.23,1870726,195.18,196.17,-0.0128,194.98
2023-07-09,195.38,195.96,194.23,194.98,1628890,195.52,196.2,-0.0013,196.59
2023-07-10,195.57,197.14,195.46,196.59,2147964,196.11,196.22,0.0083,195.88
2023-07-11,196.83,197.55,194.69,195.88,2482214,196.09,196.19,-0.0036,197.22
2023-07-12,196.07,198.1,195.36,197.22,1904820,195.98,196.23,0.0068,196.04
2023-07-13,197.86,198.23,195.47,196.04,1409048,196.14,196.21,-0.006,197.55
2023-07-14,195.74,198.01,195.23,197.55,1638217,196.66,196.34,0.0077,198.32
2023-07-15,197.33,198.57,197.07,198.32,1178003,197.0,196.43,0.0039,195.33
2023-07-16,197.44,197.48,194.45,195.33,1729369,196.89,196.4,-0.0151,200.12
2023-07-17,196.26,201.18,195.27,200.12,2420946,197.47,196.54,0.0245,198.91
2023-07-18,200.12,200.57,198.55,198.91,2291992,198.05,196.57,-0.006,200.15
2023-07-19,198.69,200.38,198.45,200.15,1907665,198.57,196.64,0.0062,199.56
2023-07-20,201.07,201.94,198.88,199.56,1867455,198.81,196.75,-0.0029,197.51
2023-07-21,198.93,199.54,197.44,197.51,1489606,199.25,196.84,-0.0103,197.94
2023-07-22,197.44,198.3,197.42,197.94,2203247,198.81,196.89,0.0022,197.27
2023-07-23,198.05,198.43,196.91,197.27,1897272,198.49,196.96,-0.0034,195.94
2023-07-24,197.42,198.15,195.07,195.94,1921499,197.64,197.1,-0.0067,195.23
2023-07-25,195.52,195.74,194.83,195.23,2744027,196.78,197.18,-0.0036,192.06
2023-07-26,195.68,196.4,191.64,192.06,1993383,195.69,196.98,-0.0162,193.3
2023-07-27,192.5,193.52,192.34,193.3,2228837,194.76,196.76,0.0065,191.48
2023-07-28,193.88,194.16,191.22,191.48,2054938,193.6,196.57,-0.0094,193.07
2023-07-29,191.33,193.62,190.71,193.07,2884139,193.03,196.47,0.0083,194.2
2023-07-30,193.52,194.41,193.33,194.2,2254250,192.82,196.35,0.0059,196.98
2023-07-31,193.87,197.46,193.56,196.98,2244453,193.81,196.41,0.0143,198.0
2023-08-01,197.79,198.59,197.37,198.0,1841193,194.75,196.45,0.0052,195.64
2023-08-02,197.97,198.25,195.12,195.64,2381661,195.58,196.43,-0.0119,195.6
2023-08-03,196.22,196.75,195.53,195.6,2403709,196.08,196.33,-0.0002,195.0
2023-08-04,195.98,196.42,194.86,195.0,2020623,196.24,196.16,-0.0031,194.31
2023-08-05,194.79,195.01,193.69,194.31,3032830,195.71,196.11,-0.0035,192.99
2023-08-06,194.57,195.08,192.41,192.99,1947287,194.71,195.76,-0.0068,193.22
2023-08-07,193.48,194.34,191.95,193.22,2236094,194.22,195.47,0.0012,193.87
2023-08-08,193.36,194.46,192.32,193.87,2126229,193.88,195.16,0.0034,190.4
2023-08-09,193.56,194.45,189.91,190.4,1557265,192.96,194.7,-0.0179,189.38
2023-08-10,190.12,190.5,189.08,189.38,1197367,191.97,194.29,-0.0054,190.68
2023-08-11,189.17,191.3,188.67,190.68,1591847,191.51,193.93,0.0069,190.99
2023-08-12,190.48,191.65,190.14,190.99,2332872,191.06,193.62,0.0016,189.17
2023-08-13,190.65,191.3,188.62,189.17,2126973,190.12,193.28,-0.0095,190.06
2023-08-14,189.31,190.75,189.1,190.06,2033823,190.06,193.02,0.0047,187.24
2023-08-15,190.48,190.82,186.77,187.24,2119355,189.63,192.78,-0.0148,187.65
2023-08-16,187.34,188.24,186.58,187.65,1743906,189.02,192.5,0.0022,189.14
2023-08-17,188.57,189.57,188.17,189.14,1958439,188.65,192.38,0.0079,189.23
2023-08-18,189.66,189.9,188.6,189.23,2395182,188.66,192.19,0.0005,189.01
2023-08-19,189.14,189.67,188.16,189.01,1585417,188.45,191.93,-0.0012,189.71
2023-08-20,189.33,191.02,189.29,189.71,1678169,188.95,191.56,0.0037,190.0
2023-08-21,190.19,191.17,189.11,190.0,2787306,189.42,191.16,0.0015,191.01
2023-08-22,189.87,191.23,189.25,191.01,2031949,189.79,190.93,0.0053,190.19
2023-08-23,191.1,191.38,190.09,190.19,1706990,189.98,190.66,-0.0043,190.38
2023-08-24,190.42,190.54,190.15,190.38,1683340,190.26,190.43,0.001,189.56
2023-08-25,190.0,190.6,188.66,189.56,1246444,190.23,190.19,-0.0043,189.31
2023-08-26,189.12,189.89,188.59,189.31,1155151,190.09,190.01,-0.0013,187.51
2023-08-27,188.55,188.59,187.49,187.51,2086694,189.39,189.72,-0.0095,188.37
2023-08-28,187.58,188.68,187.3,188.37,2122446,189.03,189.45,0.0046,187.58
2023-08-29,187.87,188.33,187.05,187.58,1869277,188.47,189.31,-0.0042,187.21
2023-08-30,188.16,188.18,186.65,187.21,2323795,188.0,189.2,-0.002,185.57
2023-08-31,187.26,187.75,185.13,185.57,1906787,187.25,188.94,-0.0088,181.79
2023-09-01,184.59,185.31,181.03,181.79,2595465,186.1,188.48,-0.0204,180.47
2023-09-02,182.24,183.05,180.18,180.47,2653032,184.52,188.05,-0.0073,179.21
2023-09-03,179.56,179.86,179.16,179.21,2534092,182.85,187.51,-0.007,177.39
2023-09-04,179.0,179.17,176.95,177.39,1833716,180.89,187.01,-0.0102,178.5
2023-09-05,177.31,178.79,176.48,178.5,1486668,179.47,186.56,0.0063,178.62
2023-09-06,178.64,178.9,178.0,178.62,1760389,178.84,186.03,0.0007,178.07
2023-09-07,178.07,178.46,178.03,178.07,1811518,178.36,185.47,-0.0031,178.97
2023-09-08,177.9,179.82,177.29,178.97,1918804,178.31,184.97,0.0051,179.75
2023-09-09,179.06,179.9,178.09,179.75,2079576,178.78,184.47,0.0044,178.28
2023-09-10,179.44,179.89,177.92,178.28,1211640,178.74,183.89,-0.0082,179.32
2023-09-11,178.18,180.52,177.59,179.32,2393639,178.88,183.3,0.0058,178.59
2023-09-12,179.27,180.56,178.54,178.59,2083198,178.98,182.72,-0.0041,179.13
2023-09-13,178.41,179.71,178.11,179.13,2383109,179.01,182.16,0.003,179.7
2023-09-14,179.12,180.54,178.63,179.7,1279441,179.0,181.67,0.0032,181.73
2023-09-15,179.82,181.96,178.51,181.73,1850896,179.69,181.29,0.0113,182.63
2023-09-16,181.78,183.07,181.32,182.63,1883470,180.36,181.04,0.005,184.29
2023-09-17,182.57,185.09,181.37,184.29,2053945,181.5,180.84,0.0091,183.35
2023-09-18,184.49,184.7,183.26,183.35,1704877,182.34,180.63,-0.0051,184.4
2023-09-19,183.08,185.15,182.43,184.4,2302564,183.28,180.49,0.0057,186.55
2023-09-20,184.75,187.16,183.93,186.55,1954542,184.24,180.54,0.0117,185.15
2023-09-21,186.46,186.79,184.62,185.15,1904964,184.75,180.7,-0.0075,182.44
2023-09-22,185.26,185.76,182.19,182.44,2270987,184.38,180.8,-0.0146,183.37
2023-09-23,181.94,183.64,181.18,183.37,1699971,184.38,181.01,0.0051,181.99
2023-09-24,182.37,183.06,181.86,181.99,1993948,183.9,181.24,-0.0075,182.43
2023-09-25,181.99,183.23,180.84,182.43,1445914,183.08,181.44,0.0024,183.17
2023-09-26,181.94,183.82,181.29,183.17,2476616,182.68,181.67,0.0041,186.42
2023-09-27,182.26,186.91,181.66,186.42,1576626,183.48,182.08,0.0177,186.43
2023-09-28,186.41,186.83,185.87,186.43,2353413,184.09,182.46,0.0001,185.52
2023-09-29,186.8,187.15,184.71,185.52,1686506,184.79,182.74,-0.0049,186.07
2023-09-30,185.46,186.65,185.14,186.07,1071881,185.52,183.13,0.003,186.15
2023-10-01,186.33,186.59,185.59,186.15,2000360,186.12,183.48,0.0004,185.09
2023-10-02,185.99,186.68,184.22,185.09,1905455,185.85,183.8,-0.0057,183.71
2023-10-03,184.36,184.8,183.63,183.71,1403959,185.31,184.03,-0.0075,184.37
2023-10-04,183.86,185.06,183.7,184.37,2465202,185.08,184.26,0.0036,183.9
2023-10-05,184.0,184.37,183.02,183.9,2348840,184.64,184.37,-0.0025,182.89
2023-10-06,184.22,184.63,182.21,182.89,1735143,183.99,184.38,-0.0055,181.91
2023-10-07,182.13,182.29,181.47,181.91,1013273,183.36,184.27,-0.0054,181.77
2023-10-08,181.77,182.28,181.1,181.77,1489124,182.97,184.19,-0.0008,183.34
2023-10-09,181.65,183.9,180.85,183.34,1654950,182.76,184.13,0.0086,183.63
2023-10-10,183.36,184.18,182.79,183.63,1868522,182.71,183.99,0.0016,185.51
2023-10-11,183.26,185.78,182.26,185.51,1922230,183.23,184.01,0.0102,185.68
2023-10-12,185.63,185.8,185.31,185.68,1806082,183.99,184.17,0.0009,185.39
2023-10-13,185.84,186.23,185.28,185.39,2751580,184.71,184.27,-0.0016,185.29
2023-10-14,185.62,186.42,184.81,185.29,1827989,185.1,184.43,-0.0005,185.56
2023-10-15,185.31,186.23,184.81,185.56,1327957,185.49,184.59,0.0015,185.99
2023-10-16,186.24,186.41,185.03,185.99,1401434,185.58,184.73,0.0023,185.64
2023-10-17,186.02,186.62,185.26,185.64,1330967,185.57,184.69,-0.0019,186.3
2023-10-18,185.65,186.61,185.0,186.3,2880930,185.76,184.69,0.0036,186.15
2023-10-19,186.42,186.56,185.66,186.15,2746981,185.93,184.72,-0.0008,184.6
2023-10-20,186.46,187.22,184.24,184.6,1766103,185.74,184.64,-0.0083,184.64
2023-10-21,184.22,184.67,184.12,184.64,1339863,185.47,184.57,0.0002,182.36
2023-10-22,185.14,185.44,181.63,182.36,1215087,184.81,184.43,-0.0123,182.96
2023-10-23,181.6,183.47,181.04,182.96,1886970,184.14,184.39,0.0033,185.16
2023-10-24,182.18,186.15,181.65,185.16,1594099,183.94,184.43,0.012,183.01
2023-10-25,184.98,185.52,182.38,183.01,1434861,183.63,184.39,-0.0116,179.22
2023-10-26,183.11,183.74,178.6,179.22,2567873,182.54,184.21,-0.0207,177.69
2023-10-27,179.27,180.09,177.36,177.69,1314780,181.61,183.99,-0.0085,176.71
2023-10-28,177.71,177.88,176.54,176.71,2285342,180.36,183.74,-0.0055,174.48
2023-10-29,176.18,176.32,173.72,174.48,2234508,178.22,183.3,-0.0126,174.31
2023-10-30,175.19,176.21,173.52,174.31,2003180,176.48,182.83,-0.001,173.4
2023-10-31,174.6,175.13,173.38,173.4,2340871,175.32,182.23,-0.0052,177.97
2023-11-01,174.96,178.65,174.51,177.97,2213173,175.37,181.84,0.0264,179.87
2023-11-02,178.52,180.64,178.14,179.87,2280752,176.01,181.57,0.0107,180.94
2023-11-03,180.26,181.57,179.25,180.94,1962607,177.3,181.35,0.0059,181.6
2023-11-04,180.58,182.54,180.1,181.6,2176200,178.76,181.15,0.0036,182.4
2023-11-05,181.63,182.9,181.33,182.4,2294553,180.56,180.97,0.0044,182.55
2023-11-06,181.9,182.97,181.74,182.55,1551722,181.47,180.82,0.0008,182.91
2023-11-07,181.87,183.78,181.29,182.91,1806541,182.08,180.65,0.002,183.77
2023-11-08,183.54,183.82,182.67,183.77,1603725,182.65,180.53,0.0047,182.14
2023-11-09,182.92,183.09,181.27,182.14,1898881,182.75,180.4,-0.0089,180.74
2023-11-10,181.54,182.2,179.79,180.74,1754409,182.42,180.21,-0.0077,181.25
2023-11-11,180.72,181.76,180.45,181.25,1867057,182.16,180.15,0.0028,179.33
2023-11-12,180.7,180.7,179.08,179.33,1686222,181.45,179.97,-0.0106,179.7
2023-11-13,179.37,179.98,178.81,179.7,1734504,180.63,179.7,0.0021,179.91
2023-11-14,180.29,181.1,179.88,179.91,2407005,180.19,179.54,0.0012,180.92
2023-11-15,180.08,181.54,179.97,180.92,2467445,180.22,179.63,0.0056,182.64
2023-11-16,180.87,183.29,180.48,182.64,2156732,180.5,179.88,0.0095,182.88
2023-11-17,183.06,183.43,182.86,182.88,2847708,181.21,180.19,0.0013,185.15
2023-11-18,183.06,185.82,182.77,185.15,1602794,182.3,180.72,0.0124,186.94
2023-11-19,185.89,187.26,185.32,186.94,2196852,183.71,181.35,0.0097,188.37
2023-11-20,187.65,189.08,187.1,188.37,2827092,185.2,182.1,0.0076,191.19
2023-11-21,189.56,191.45,189.47,191.19,2104295,186.91,182.76,0.015,192.7
2023-11-22,191.6,192.9,191.59,192.7,1197171,188.87,183.4,0.0079,192.33
2023-11-23,193.13,193.52,191.84,192.33,1977892,190.31,183.97,-0.0019,189.6
2023-11-24,192.45,192.84,188.57,189.6,1547360,190.84,184.37,-0.0142,190.97
2023-11-25,189.77,191.64,188.97,190.97,1822327,191.36,184.8,0.0072,189.0
2023-11-26,189.9,190.56,188.19,189.0,1766063,190.92,185.12,-0.0103,189.0
2023-11-27,189.16,189.69,188.83,189.0,1866500,190.18,185.43,0.0,187.95
2023-11-28,189.2,189.96,187.39,187.95,2040329,189.3,185.64,-0.0056,188.21
2023-11-29,187.48,188.88,187.26,188.21,1788236,189.03,185.94,0.0014,187.65
2023-11-30,188.07,188.7,187.39,187.65,1841792,188.36,186.28,-0.003,185.32
2023-12-01,187.37,188.18,184.2,185.32,1344499,187.63,186.49,-0.0124,182.52
2023-12-02,185.32,185.43,181.72,182.52,1861721,186.33,186.65,-0.0151,181.28
2023-12-03,182.65,182.88,180.9,181.28,1559110,185.0,186.73,-0.0068,180.94
2023-12-04,179.94,181.51,179.45,180.94,1647004,183.54,186.78,-0.0019,182.26
2023-12-05,181.82,182.87,181.2,182.26,1944457,182.46,186.84,0.0073,184.28
2023-12-06,182.42,184.69,181.95,184.28,2455788,182.26,186.93,0.0111,184.26
2023-12-07,184.31,185.06,184.09,184.26,1710938,182.6,187.0,-0.0001,184.06
2023-12-08,183.73,184.36,183.6,184.06,1383368,183.16,186.94,-0.0011,186.07
2023-12-09,184.7,186.76,184.54,186.07,1879792,184.19,186.9,0.0109,186.77
2023-12-10,186.76,187.4,186.04,186.77,2254736,185.09,186.82,0.0038,189.25
2023-12-11,187.12,189.61,186.77,189.25,2102266,186.08,186.72,0.0133,190.35
2023-12-12,189.64,190.95,188.58,190.35,2500955,187.3,186.6,0.0058,188.78
2023-12-13,190.03,190.2,188.51,188.78,1806899,188.24,186.43,-0.0082,186.8
2023-12-14,188.89,189.24,185.95,186.8,1787064,188.39,186.29,-0.0105,185.63
2023-12-15,187.24,187.8,184.96,185.63,1490719,188.16,186.02,-0.0063,183.54
2023-12-16,184.86,185.55,182.73,183.54,2215802,187.02,185.75,-0.0113,183.68
2023-12-17,183.27,183.88,183.18,183.68,2126523,185.69,185.48,0.0008,181.69
2023-12-18,184.02,184.43,181.33,181.69,2263728,184.27,185.17,-0.0108,183.15
2023-12-19,182.0,183.35,181.57,183.15,1949527,183.54,184.91,0.008,182.37
2023-12-20,182.55,183.26,181.47,182.37,2261021,182.89,184.65,-0.0043,185.92
2023-12-21,182.88,186.49,182.07,185.92,2031371,183.36,184.68,0.0195,185.3
2023-12-22,185.24,185.63,184.53,185.3,2037422,183.69,184.82,-0.0033,186.7
2023-12-23,185.74,187.02,185.2,186.7,2966146,184.69,185.09,0.0076,185.96
2023-12-24,186.7,186.82,185.13,185.96,2483247,185.25,185.34,-0.004,188.67
2023-12-25,186.8,189.34,186.57,188.67,2984141,186.51,185.66,0.0146,188.16
2023-12-26,188.93,189.83,187.4,188.16,2196659,186.96,185.86,-0.0027,187.96
2023-12-27,187.58,188.58,187.14,187.96,2848640,187.49,186.04,-0.0011,189.94
2023-12-28,187.56,190.39,186.78,189.94,2085466,188.14,186.33,0.0105,190.5
2023-12-29,189.54,191.27,189.23,190.5,2080926,189.05,186.56,0.0029,191.66
2023-12-30,190.41,192.01,189.81,191.66,2104218,189.64,186.8,0.0061,190.64
2023-12-31,190.89,191.24,190.23,190.64,1854982,190.14,186.87,-0.0053,189.99
2024-01-01,190.33,191.15,189.8,189.99,1647087,190.55,186.85,-0.0034,189.42
2024-01-02,190.08,190.76,189.09,189.42,1787581,190.44,186.88,-0.003,187.09
2024-01-03,188.46,188.91,186.18,187.09,2094791,189.76,186.9,-0.0123,187.13
2024-01-04,186.59,187.6,186.55,187.13,1932570,188.85,186.97,0.0002,185.31
2024-01-05,186.54,186.74,184.65,185.31,2789349,187.79,187.06,-0.0097,184.96
2024-01-06,184.35,185.37,183.59,184.96,1945013,186.78,187.13,-0.0019,182.66
2024-01-07,184.74,185.55,182.24,182.66,2472089,185.43,187.17,-0.0124,182.16
2024-01-08,182.51,183.58,181.17,182.16,3124084,184.44,187.12,-0.0027,181.5
2024-01-09,181.71,182.34,181.38,181.5,2097206,183.32,187.08,-0.0036,181.11
2024-01-10,181.91,182.08,180.54,181.11,2555102,182.48,186.84,-0.0021,180.56
2024-01-11,181.31,181.95,179.91,180.56,1563005,181.6,186.6,-0.003,178.88
2024-01-12,180.12,180.78,178.01,178.88,1696785,180.84,186.21,-0.0093,180.0
2024-01-13,179.29,180.49,178.99,180.0,1659094,180.41,185.92,0.0063,179.34
2024-01-14,180.23,180.56,178.99,179.34,1740963,179.98,185.45,-0.0037,181.14
2024-01-15,179.04,181.31,177.82,181.14,2066555,179.98,185.1,0.01,178.9
2024-01-16,182.01,182.42,178.31,178.9,1943352,179.65,184.64,-0.0124,178.41
2024-01-17,179.02,179.26,178.15,178.41,1735465,179.56,184.07,-0.0027,177.8
2024-01-18,178.59,178.87,177.08,177.8,2286093,179.12,183.43,-0.0034,181.36
2024-01-19,178.57,181.91,178.28,181.36,1481645,179.52,182.92,0.02,184.24
2024-01-20,181.86,185.0,181.49,184.24,1601559,180.14,182.6,0.0159,186.19
2024-01-21,184.74,187.0,184.57,186.19,1451905,181.6,182.41,0.0106,187.47
2024-01-22,185.96,188.17,185.52,187.47,2113890,183.41,182.31,0.0069,186.81
2024-01-23,188.51,188.9,186.06,186.81,2353551,185.21,182.3,-0.0035,186.28
2024-01-24,187.68,188.46,185.85,186.28,2512902,186.2,182.25,-0.0028,184.22
2024-01-25,185.86,185.93,183.65,184.22,2828093,186.19,182.2,-0.0111,183.18
2024-01-26,185.22,185.99,182.65,183.18,2585003,185.59,182.11,-0.0056,182.89
2024-01-27,184.14,184.88,182.45,182.89,2374334,184.68,182.12,-0.0016,182.42
2024-01-28,184.1,185.05,181.74,182.42,1996665,183.8,182.14,-0.0026,181.25
2024-01-29,181.55,182.22,180.77,181.25,2170013,182.79,182.12,-0.0064,181.59
2024-01-30,182.19,182.86,181.49,181.59,2191711,182.27,182.15,0.0019,178.21
2024-01-31,180.51,180.91,177.36,178.21,1744306,181.27,182.03,-0.0186,174.54
2024-02-01,176.79,177.16,173.87,174.54,2547861,179.6,181.81,-0.0206,174.07
2024-02-02,174.74,175.18,173.46,174.07,2968415,177.93,181.52,-0.0027,174.27
2024-02-03,173.57,174.79,172.94,174.27,1816748,176.54,181.26,0.0011,174.64
2024-02-04,174.36,175.29,173.93,174.64,1699810,175.15,180.94,0.0021,175.9
2024-02-05,175.24,175.99,174.95,175.9,1842137,174.68,180.79,0.0072,174.66
2024-02-06,175.81,176.11,174.27,174.66,1812231,174.71,180.6,-0.007,172.57
2024-02-07,174.82,175.85,172.06,172.57,2067849,174.41,180.34,-0.012,174.62
2024-02-08,173.56,175.23,172.58,174.62,1750481,174.48,180.0,0.0119,176.51
2024-02-09,174.69,176.6,174.53,176.51,1885315,174.85,179.61,0.0108,177.33
2024-02-10,176.85,177.36,176.42,177.33,1929876,175.14,179.17,0.0046,179.21
2024-02-11,177.63,179.67,176.95,179.21,1670123,176.05,178.76,0.0106,180.73
2024-02-12,179.43,180.89,179.15,180.73,1544573,177.68,178.45,0.0085,179.7
2024-02-13,180.13,180.75,179.12,179.7,1882147,178.7,178.13,-0.0057,178.4
2024-02-14,179.51,179.86,178.08,178.4,1920206,179.07,177.83,-0.0072,178.32
2024-02-15,178.19,178.79,177.7,178.32,1294626,179.27,177.59,-0.0004,180.07
2024-02-16,177.81,180.85,177.38,180.07,2329820,179.44,177.45,0.0098,180.98
2024-02-17,180.31,181.26,180.02,180.98,1919775,179.49,177.38,0.0051,179.99
2024-02-18,181.32,181.58,179.49,179.99,1688621,179.55,177.32,-0.0055,178.21
2024-02-19,180.05,180.94,177.62,178.21,1708849,179.51,177.15,-0.0099,179.76
2024-02-20,179.06,180.0,178.09,179.76,1610099,179.8,177.22,0.0087,177.9
2024-02-21,179.39,179.45,177.55,177.9,2433289,179.37,177.39,-0.0103,178.94
2024-02-22,178.14,179.23,177.22,178.94,1500465,178.96,177.64,0.0058,181.21
2024-02-23,179.85,181.59,179.14,181.21,3161569,179.2,177.98,0.0127,180.88
2024-02-24,181.78,182.35,180.1,180.88,2218619,179.74,178.29,-0.0018,179.13
2024-02-25,180.54,180.81,178.38,179.13,2394374,179.61,178.46,-0.0097,180.64
2024-02-26,179.94,181.41,179.93,180.64,2895012,180.16,178.76,0.0084,179.46
2024-02-27,181.02,181.93,178.75,179.46,2094518,180.26,179.1,-0.0065,177.9
2024-02-28,179.36,180.02,177.49,177.9,1955633,179.6,179.26,-0.0087,177.26
2024-02-29,178.85,178.97,176.71,177.26,2448440,178.88,179.3,-0.0036,175.02
2024-03-01,176.88,177.38,174.46,175.02,1635795,178.06,179.19,-0.0126,175.33
2024-03-02,174.65,175.9,174.59,175.33,2247252,176.99,178.99,0.0018,175.74
2024-03-03,175.27,176.32,174.58,175.74,1504360,176.25,178.74,0.0023,174.99
2024-03-04,176.33,177.03,173.91,174.99,1603664,175.67,178.51,-0.0043,174.06
2024-03-05,174.61,175.2,173.1,174.06,1687676,175.03,178.29,-0.0053,173.39
2024-03-06,174.74,175.59,172.85,173.39,1999805,174.7,178.04,-0.0038,174.95
2024-03-07,174.1,174.97,174.01,174.95,1713657,174.63,177.79,0.009,175.85
2024-03-08,173.7,176.73,173.1,175.85,1479079,174.65,177.53,0.0051,173.86
2024-03-09,175.45,175.83,173.64,173.86,2115906,174.42,177.22,-0.0113,174.86
2024-03-10,174.04,175.89,173.54,174.86,1486926,174.58,177.06,0.0058,176.08
2024-03-11,175.38,176.68,174.97,176.08,1860083,175.12,176.87,0.007,178.94
2024-03-12,177.24,179.5,177.01,178.94,1357810,175.92,176.92,0.0162,180.33
2024-03-13,179.93,180.83,179.68,180.33,1527607,176.81,176.99,0.0078,183.02
2024-03-14,180.62,183.94,180.52,183.02,1421193,178.65,177.08,0.0149,182.63
2024-03-15,182.84,183.29,181.9,182.63,2450426,180.2,177.17,-0.0021,183.02
2024-03-16,183.43,184.13,182.56,183.02,1742552,181.59,177.37,0.0021,181.91
2024-03-17,182.4,182.9,181.79,181.91,1676041,182.18,177.43,-0.0061,178.56
2024-03-18,181.23,181.52,177.47,178.56,1745233,181.83,177.38,-0.0184,180.07
2024-03-19,179.78,180.4,179.74,180.07,2702225,181.24,177.49,0.0085,180.48
2024-03-20,179.7,181.63,178.84,180.48,2063809,180.81,177.65,0.0023,182.1
2024-03-21,180.54,182.37,180.1,182.1,2343275,180.62,178.01,0.009,184.39
2024-03-22,181.41,185.04,180.46,184.39,3157294,181.12,178.46,0.0126,184.08
2024-03-23,184.67,184.92,183.61,184.08,1756415,182.22,178.88,-0.0017,184.79
2024-03-24,185.11,185.4,184.41,184.79,2984918,183.17,179.37,0.0039,183.45
2024-03-25,184.67,185.42,183.03,183.45,1392582,183.76,179.84,-0.0073,181.33
2024-03-26,183.98,184.55,180.42,181.33,2170697,183.61,180.24,-0.0116,183.03
2024-03-27,181.36,183.71,181.26,183.03,2199662,183.34,180.64,0.0094,182.96
2024-03-28,182.73,183.51,181.75,182.96,2291187,183.11,180.99,-0.0004,181.01
2024-03-29,182.71,183.04,180.68,181.01,1907058,182.36,181.35,-0.0107,182.48
2024-03-30,180.83,182.98,180.68,182.48,2818838,182.16,181.73,0.0081,186.4
2024-03-31,183.53,187.08,183.18,186.4,2351991,183.18,182.25,0.0215,185.96
2024-04-01,185.87,186.25,185.75,185.96,2433564,183.76,182.6,-0.0024,181.51
2024-04-02,184.64,185.05,180.97,181.51,2199561,183.47,182.66,-0.0239,180.93
2024-04-03,181.4,182.05,180.59,180.93,2204914,183.46,182.55,-0.0032,183.4
2024-04-04,180.48,183.51,179.83,183.4,1815052,183.64,182.59,0.0137,183.88
2024-04-05,183.37,184.53,183.03,183.88,2559594,183.14,182.64,0.0026,182.75
2024-04-06,184.05,184.63,182.2,182.75,1808340,182.49,182.68,-0.0061,182.28
2024-04-07,181.5,182.49,180.52,182.28,1719704,182.65,182.86,-0.0026,181.11
2024-04-08,182.85,182.87,180.96,181.11,2086069,182.68,182.92,-0.0064,181.74
2024-04-09,180.7,182.23,180.25,181.74,2117882,182.35,182.98,0.0035,184.27
2024-04-10,182.07,185.01,181.65,184.27,3258926,182.43,183.09,0.0139,186.06
2024-04-11,185.52,186.11,185.03,186.06,2264483,183.09,183.17,0.0097,186.69
2024-04-12,186.49,187.83,185.81,186.69,1049110,183.97,183.3,0.0034,187.59
2024-04-13,187.23,188.16,186.46,187.59,1839877,185.27,183.44,0.0048,189.3
2024-04-14,187.31,189.56,187.0,189.3,1652954,186.78,183.73,0.0091,191.58
2024-04-15,188.68,192.11,188.57,191.58,1675272,188.24,184.25,0.012,190.9
2024-04-16,192.25,193.11,190.43,190.9,2444724,189.21,184.64,-0.0035,189.96
2024-04-17,191.4,192.0,189.53,189.96,1624986,189.87,184.99,-0.0049,188.33
2024-04-18,189.39,190.12,187.6,188.33,2335730,190.01,185.36,-0.0086,188.46
2024-04-19,188.39,188.91,187.77,188.46,2288233,189.85,185.66,0.0007,189.85
2024-04-20,188.73,190.84,188.22,189.85,1387073,189.5,185.83,0.0074,189.0
2024-04-21,190.23,190.27,188.69,189.0,2242626,189.12,185.98,-0.0045,187.31
2024-04-22,188.25,188.4,186.82,187.31,1659894,188.59,186.27,-0.0089,187.83
2024-04-23,187.42,188.56,187.05,187.83,2154032,188.49,186.61,0.0028,188.11
2024-04-24,187.26,188.98,186.09,188.11,1968656,188.42,186.85,0.0015,188.84
2024-04-25,188.26,189.7,188.14,188.84,2308313,188.22,187.1,0.0039,189.95
2024-04-26,189.04,190.23,188.29,189.95,2524711,188.41,187.46,0.0059,190.0
2024-04-27,189.87,190.86,189.4,190.0,1510941,188.95,187.84,0.0003,189.48
2024-04-28,190.05,191.09,189.24,189.48,3171840,189.28,188.26,-0.0027,191.86
2024-04-29,190.01,192.62,189.6,191.86,1725681,190.03,188.77,0.0126,192.41
2024-04-30,191.89,192.97,191.81,192.41,2343013,190.74,189.18,0.0029,192.32
2024-05-01,193.09,193.71,191.81,192.32,1396191,191.21,189.49,-0.0005,190.37
2024-05-02,192.33,193.14,190.22,190.37,1976424,191.29,189.67,-0.0101,192.74
2024-05-03,191.23,192.75,191.19,192.74,1704052,191.94,189.93,0.0124,192.81
2024-05-04,191.91,193.22,191.39,192.81,2794017,192.13,190.11,0.0004,193.95
2024-05-05,192.74,194.32,192.29,193.95,1808383,192.44,190.22,0.0059,192.03
2024-05-06,194.03,194.44,191.56,192.03,2313658,192.38,190.28,-0.0099,193.45
2024-05-07,191.29,193.78,190.69,193.45,2575951,193.0,190.46,0.0074,193.37
2024-05-08,194.02,194.53,192.93,193.37,2711903,193.12,190.71,-0.0004,192.58
2024-05-09,193.78,194.35,192.08,192.58,1564697,193.08,190.91,-0.0041,194.29
2024-05-10,192.32,195.1,192.14,194.29,1634344,193.14,191.14,0.0089,191.89
2024-05-11,194.53,194.58,191.76,191.89,1184902,193.12,191.28,-0.0124,191.26
2024-05-12,191.37,191.55,191.03,191.26,1754450,192.68,191.48,-0.0033,192.2
2024-05-13,191.91,192.88,191.53,192.2,2082973,192.44,191.7,0.0049,191.54
2024-05-14,191.88,192.11,191.29,191.54,1386814,192.24,191.87,-0.0034,190.48
2024-05-15,191.8,192.31,190.39,190.48,2269910,191.47,191.95,-0.0055,191.6
2024-05-16,190.37,191.88,190.02,191.6,1924391,191.42,192.03,0.0059,190.43
2024-05-17,191.01,191.39,189.85,190.43,1946169,191.25,192.05,-0.0061,190.54
2024-05-18,190.24,190.94,189.66,190.54,2371237,190.92,192.11,0.0006,191.4
2024-05-19,189.83,191.61,189.45,191.4,2566097,190.89,192.08,0.0045,191.6
2024-05-20,191.01,191.79,190.15,191.6,2805618,191.11,192.04,0.001,190.68
2024-05-21,190.88,191.23,190.03,190.68,2600118,190.93,191.96,-0.0048,189.11
2024-05-22,190.75,191.08,188.79,189.11,1413294,190.67,191.9,-0.0082,189.01
2024-05-23,189.0,189.4,188.72,189.01,2111997,190.36,191.71,-0.0005,191.28
2024-05-24,188.78,191.65,188.35,191.28,2244014,190.34,191.63,0.012,192.84
2024-05-25,191.4,192.88,190.96,192.84,2102834,190.58,191.58,0.0082,192.84
2024-05-26,192.55,193.21,191.84,192.84,1857683,191.02,191.62,0.0,190.7
2024-05-27,191.88,192.27,189.9,190.7,2653458,191.33,191.48,-0.0111,191.73
2024-05-28,190.64,192.06,190.31,191.73,2957806,191.88,191.4,0.0054,192.26
2024-05-29,191.36,192.33,190.79,192.26,2448818,192.07,191.38,0.0028,191.04
2024-05-30,192.29,193.07,190.84,191.04,2365096,191.71,191.22,-0.0063,192.73
2024-05-31,191.27,192.88,190.72,192.73,2280047,191.69,191.26,0.0088,194.76
2024-06-01,192.45,195.32,191.64,194.76,1732447,192.5,191.44,0.0105,194.62
2024-06-02,195.21,195.88,193.99,194.62,1845904,193.08,191.56,-0.0007,192.13
2024-06-03,194.03,194.69,191.45,192.13,1246807,193.06,191.59,-0.0128,192.61
2024-06-04,192.52,192.93,191.91,192.61,2108281,193.37,191.7,0.0025,190.53
2024-06-05,193.34,193.39,190.0,190.53,2020789,192.93,191.64,-0.0108,193.41
2024-06-06,191.35,194.86,191.18,193.41,2077732,192.66,191.79,0.0151,190.24
2024-06-07,193.35,193.6,189.97,190.24,2954416,191.78,191.78,-0.0164,187.18
2024-06-08,190.26,190.38,186.78,187.18,2786389,190.79,191.56,-0.0161,188.94
2024-06-09,188.38,189.55,187.91,188.94,1338439,190.06,191.43,0.0094,188.54
2024-06-10,189.25,189.76,188.46,188.54,1559661,189.66,191.32,-0.0021,189.45
2024-06-11,189.13,189.88,188.79,189.45,1345463,188.87,191.34,0.0048,187.08
2024-06-12,189.84,190.14,186.68,187.08,1641790,188.24,191.25,-0.0125,186.18
2024-06-13,186.55,187.35,185.9,186.18,3082954,188.04,190.99,-0.0048,186.87
2024-06-14,186.07,187.36,185.78,186.87,2057766,187.62,190.69,0.0037,188.13
2024-06-15,186.96,188.97,186.74,188.13,1985951,187.54,190.46,0.0067,187.13
2024-06-16,188.22,188.86,186.58,187.13,1549236,187.08,190.28,-0.0053,187.63
2024-06-17,187.3,188.38,186.72,187.63,2346871,187.19,190.07,0.0027,188.08
2024-06-18,187.78,188.22,186.96,188.08,2230111,187.57,189.86,0.0024,187.0
2024-06-19,188.03,188.46,186.85,187.0,1919278,187.59,189.66,-0.0057,187.62
2024-06-20,186.65,188.62,186.57,187.62,2604638,187.49,189.41,0.0033,187.2
2024-06-21,187.52,188.24,186.75,187.2,2040004,187.51,189.03,-0.0022,187.16
2024-06-22,187.31,188.18,186.97,187.16,2239785,187.41,188.66,-0.0002,185.8
2024-06-23,186.67,186.84,184.94,185.8,1757670,186.96,188.34,-0.0073,187.15
2024-06-24,185.42,188.12,185.37,187.15,2778031,186.99,188.07,0.0073,185.98
2024-06-25,186.52,186.99,185.83,185.98,1311478,186.66,187.84,-0.0063,185.91
2024-06-26,185.43,186.15,184.39,185.91,1658898,186.4,187.46,-0.0004,188.5
2024-06-27,185.99,188.98,185.47,188.5,992764,186.67,187.38,0.0139,189.24
2024-06-28,188.65,189.29,188.36,189.24,2141490,187.36,187.48,0.0039,188.74
2024-06-29,188.86,189.35,188.58,188.74,2610323,187.67,187.47,-0.0026,187.83
2024-06-30,188.78,189.28,187.18,187.83,1849120,188.04,187.43,-0.0048,184.89
2024-07-01,187.63,187.91,184.44,184.89,2712389,187.84,187.21,-0.0157,184.9
2024-07-02,185.14,185.64,184.3,184.9,2881581,187.12,187.1,0.0001,183.92
2024-07-03,184.41,185.21,183.45,183.92,1514844,186.06,186.98,-0.0053,184.66
2024-07-04,184.05,185.55,183.82,184.66,1088203,185.24,186.87,0.004,184.28
2024-07-05,185.0,185.56,183.77,184.28,2224285,184.53,186.68,-0.0021,182.33
2024-07-06,183.79,184.33,182.02,182.33,2193189,184.02,186.44,-0.0106,177.99
2024-07-07,182.25,182.88,177.24,177.99,2030061,182.64,185.96,-0.0238,178.36
2024-07-08,178.27,179.42,177.92,178.36,2113681,181.52,185.47,0.0021,176.93
2024-07-09,179.61,180.1,176.36,176.93,1366314,179.98,184.97,-0.008,175.27
2024-07-10,177.61,177.92,174.62,175.27,1352757,178.18,184.35,-0.0094,173.7
2024-07-11,175.45,176.36,172.88,173.7,1732864,176.45,183.68,-0.009,175.06
2024-07-12,174.8,175.71,174.31,175.06,2483417,175.86,183.07,0.0078,176.22
2024-07-13,175.88,176.9,175.61,176.22,1862692,175.44,182.59,0.0066,177.23
2024-07-14,176.07,177.71,175.42,177.23,2097510,175.5,182.1,0.0057,173.47
2024-07-15,176.44,176.58,173.0,173.47,1207168,175.14,181.47,-0.0212,173.57
2024-07-16,173.65,174.78,173.52,173.57,2524318,175.11,180.85,0.0006,175.12
2024-07-17,173.64,175.42,173.39,175.12,2285310,175.12,180.19,0.0089,176.19
2024-07-18,174.36,176.37,173.82,176.19,1561191,175.12,179.53,0.0061,174.73
2024-07-19,175.89,176.02,174.14,174.73,1938303,174.62,178.83,-0.0083,174.22
2024-07-20,174.49,175.01,174.19,174.22,2193693,174.77,178.15,-0.0029,174.62
2024-07-21,174.02,175.06,174.0,174.62,1588733,174.98,177.64,0.0023,174.19
2024-07-22,175.07,176.08,173.81,174.19,2287063,174.79,177.1,-0.0025,172.69
2024-07-23,174.4,175.37,172.25,172.69,1282760,174.09,176.54,-0.0086,176.15
2024-07-24,173.21,176.45,172.7,176.15,1944284,174.37,176.12,0.02,173.22
2024-07-25,175.57,175.82,173.05,173.22,1920915,174.17,175.56,-0.0166,173.42
2024-07-26,173.06,174.09,172.35,173.42,2106462,173.93,175.12,0.0012,173.06
2024-07-27,174.28,174.52,172.53,173.06,1826215,173.71,174.87,-0.0021,171.51
2024-07-28,173.13,173.92,170.81,171.51,1091696,173.47,174.53,-0.009,174.8
2024-07-29,171.72,175.64,171.34,174.8,1708328,173.2,174.42,0.0192,176.01
2024-07-30,175.21,176.6,174.87,176.01,2361993,173.76,174.46,0.0069,174.37
2024-07-31,176.39,177.04,173.47,174.37,2613294,173.95,174.49,-0.0093,174.63
2024-08-01,174.79,175.26,174.24,174.63,2213221,174.26,174.47,0.0015,176.35
2024-08-02,175.02,176.83,174.93,176.35,2464683,175.23,174.48,0.0098,177.88
2024-08-03,175.81,178.76,175.02,177.88,1594259,175.85,174.51,0.0087,176.7
2024-08-04,178.38,178.96,176.24,176.7,2424819,175.99,174.67,-0.0066,176.24
2024-08-05,177.05,177.9,175.82,176.24,1818116,176.36,174.8,-0.0026,176.9
2024-08-06,176.13,177.76,175.46,176.9,1199663,176.81,174.89,0.0037,175.93
2024-08-07,176.66,177.5,175.34,175.93,2583375,176.73,174.88,-0.0055,176.76
2024-08-08,176.31,177.68,175.34,176.76,2205190,176.51,174.98,0.0047,178.26
2024-08-09,176.97,178.8,176.35,178.26,2114749,176.82,175.18,0.0085,180.53
2024-08-10,178.58,181.16,177.81,180.53,1423109,177.68,175.48,0.0127,178.9
2024-08-11,180.67,180.92,178.23,178.9,1950382,178.08,175.72,-0.009,176.53
2024-08-12,178.9,179.89,176.4,176.53,2282492,178.2,175.91,-0.0132,175.88
2024-08-13,177.07,177.22,175.74,175.88,1570426,178.02,175.89,-0.0037,174.12
2024-08-14,176.13,176.54,173.53,174.12,1655129,177.19,175.94,-0.01,172.89
2024-08-15,174.65,174.97,172.67,172.89,1887112,175.66,175.91,-0.0071,170.97
2024-08-16,172.32,172.98,170.06,170.97,1459312,174.08,175.81,-0.0111,169.29
2024-08-17,171.35,171.83,168.95,169.29,2042906,172.63,175.7,-0.0098,170.18
2024-08-18,168.74,170.92,168.3,170.18,2030864,171.49,175.47,0.0053,169.61
2024-08-19,171.15,171.2,169.29,169.61,2132654,170.59,175.15,-0.0033,170.63
2024-08-20,169.73,171.34,169.52,170.63,2380273,170.14,174.96,0.006,170.17
2024-08-21,170.95,171.13,169.15,170.17,1597359,169.98,174.74,-0.0027,170.17
2024-08-22,169.82,170.42,169.26,170.17,2001344,170.15,174.43,0.0,169.15
2024-08-23,170.02,170.77,168.82,169.15,1652393,169.95,173.99,-0.006,168.67
2024-08-24,168.98,169.43,167.95,168.67,2029508,169.76,173.59,-0.0028,170.68
2024-08-25,169.13,171.04,168.95,170.68,1707025,169.77,173.31,0.0119,171.67
2024-08-26,171.35,172.13,170.44,171.67,1832097,170.07,173.05,0.0058,174.79
2024-08-27,172.32,174.97,171.9,174.79,1818471,170.99,172.99,0.0182,174.92
2024-08-28,174.17,175.43,173.75,174.92,2461147,172.15,172.9,0.0007,174.87
2024-08-29,174.77,175.71,174.41,174.87,1959064,173.39,172.73,-0.0003,175.07
2024-08-30,175.21,175.53,174.97,175.07,2156834,174.26,172.46,0.0011,172.5
2024-08-31,174.8,175.41,171.75,172.5,1681019,174.43,172.14,-0.0147,168.15
2024-09-01,172.5,173.05,166.81,168.15,1716273,173.1,171.72,-0.0252,169.93
2024-09-02,168.95,170.01,168.46,169.93,1332732,172.1,171.42,0.0106,170.71
2024-09-03,171.04,171.7,170.54,170.71,2020233,171.27,171.25,0.0046,172.81
2024-09-04,170.57,173.14,170.21,172.81,2302407,170.82,171.25,0.0123,171.98
2024-09-05,172.2,172.98,171.76,171.98,2056510,170.72,171.3,-0.0048,172.75
2024-09-06,171.5,173.46,170.67,172.75,2373177,171.64,171.47,0.0045,173.6
2024-09-07,173.2,174.44,172.9,173.6,1654536,172.37,171.64,0.0049,173.62
2024-09-08,173.72,174.51,172.96,173.62,1883666,172.95,171.84,0.0001,172.59
2024-09-09,172.87,173.66,171.71,172.59,1701693,172.91,171.94,-0.0059,174.48
2024-09-10,172.35,175.27,171.86,174.48,1710554,173.41,172.16,0.011,175.45
2024-09-11,174.54,175.6,173.48,175.45,2437151,173.95,172.42,0.0056,176.61
2024-09-12,175.51,177.41,174.85,176.61,1978287,174.55,172.79,0.0066,176.19
2024-09-13,176.63,177.73,175.72,176.19,2759267,175.06,173.17,-0.0024,177.13
2024-09-14,176.67,177.39,176.16,177.13,1421296,175.97,173.49,0.0053,177.92
2024-09-15,176.85,178.54,175.75,177.92,3009499,176.66,173.8,0.0045,177.39
2024-09-16,177.72,178.06,176.8,177.39,1373627,177.05,173.93,-0.003,179.72
2024-09-17,177.78,179.93,177.2,179.72,2455874,177.67,174.17,0.0131,181.68
2024-09-18,180.12,182.19,179.91,181.68,2266607,178.77,174.51,0.0109,180.09
2024-09-19,180.04,180.35,179.18,180.09,1951328,179.36,174.76,-0.0088,184.09
2024-09-20,179.94,184.81,179.64,184.09,1177061,180.59,175.34,0.0222,182.91
2024-09-21,183.15,183.53,182.43,182.91,1907007,181.7,176.08,-0.0064,183.66
2024-09-22,182.88,183.74,182.6,183.66,1851157,182.49,176.77,0.0041,181.26
2024-09-23,183.63,184.03,180.96,181.26,2523289,182.4,177.3,-0.0131,181.62
2024-09-24,181.14,182.51,180.9,181.62,2256743,182.71,177.74,0.002,181.56
2024-09-25,181.96,182.4,181.55,181.56,2116773,182.2,178.22,-0.0003,182.77
2024-09-26,181.87,182.84,181.34,182.77,1767152,182.17,178.72,0.0067,181.55
2024-09-27,182.67,182.91,181.0,181.55,2239500,181.75,179.11,-0.0067,180.97
2024-09-28,181.79,182.08,179.71,180.97,2211832,181.69,179.48,-0.0032,180.87
2024-09-29,180.63,181.5,180.21,180.87,2087137,181.54,179.9,-0.0006,179.94
2024-09-30,180.03,180.59,179.45,179.94,2034112,181.22,180.17,-0.0051,180.47
2024-10-01,181.24,182.08,180.11,180.47,1756210,180.76,180.42,0.0029,179.95
2024-10-02,180.96,181.75,179.04,179.95,1613788,180.44,180.59,-0.0029,180.79
2024-10-03,180.06,181.16,179.33,180.79,1888304,180.4,180.82,0.0047,178.97
2024-10-04,180.18,180.51,178.5,178.97,1530912,180.02,180.91,-0.0101,178.75
2024-10-05,178.75,179.37,178.66,178.75,1392073,179.79,180.95,-0.0012,177.45
2024-10-06,178.18,178.76,177.2,177.45,1747801,179.18,180.95,-0.0073,179.25
2024-10-07,177.24,179.41,176.62,179.25,2447122,179.04,180.93,0.0101,181.92
2024-10-08,179.4,182.59,178.48,181.92,2169365,179.27,180.94,0.0149,180.94
2024-10-09,181.67,181.87,180.45,180.94,1859647,179.66,180.98,-0.0054,180.54
2024-10-10,181.21,181.71,179.67,180.54,2438279,180.02,180.81,-0.0022,179.56
2024-10-11,181.64,182.5,179.44,179.56,2338468,180.44,180.64,-0.0054,180.57
2024-10-12,180.19,181.3,179.4,180.57,2114908,180.71,180.48,0.0056,177.94
2024-10-13,180.0,180.45,177.28,177.94,1912188,179.91,180.32,-0.0146,176.85
2024-10-14,177.82,178.04,176.02,176.85,1840101,179.09,180.08,-0.0061,178.02
2024-10-15,175.82,178.23,175.19,178.02,1129232,178.59,179.9,0.0066,176.68
2024-10-16,178.46,179.05,176.23,176.68,2227961,178.01,179.6,-0.0075,178.82
2024-10-17,176.35,179.26,176.11,178.82,1081536,177.66,179.46,0.0121,179.63
2024-10-18,178.4,180.0,178.04,179.63,1273453,178.0,179.4,0.0045,179.0
2024-10-19,179.48,180.34,178.55,179.0,1825680,178.43,179.3,-0.0035,178.92
2024-10-20,178.88,179.44,178.54,178.92,1173686,178.61,179.25,-0.0004,181.2
2024-10-21,178.12,181.64,177.88,181.2,1312694,179.51,179.29,0.0127,183.16
2024-10-22,181.21,183.29,180.33,183.16,2311134,180.38,179.45,0.0108,183.75
2024-10-23,182.93,184.26,182.5,183.75,1334599,181.21,179.6,0.0032,183.68
2024-10-24,182.91,184.13,182.65,183.68,2356176,182.14,179.83,-0.0004,184.97
2024-10-25,183.34,185.04,182.72,184.97,2357551,183.35,180.14,0.007,182.61
2024-10-26,184.41,185.12,182.1,182.61,1905450,183.63,180.4,-0.0128,181.04
2024-10-27,181.65,181.78,180.5,181.04,2065931,183.21,180.49,-0.0086,179.18
2024-10-28,180.93,181.61,179.15,179.18,2057127,182.3,180.35,-0.0103,180.22
2024-10-29,180.05,181.34,180.03,180.22,2067472,181.6,180.32,0.0058,182.84
2024-10-30,181.38,183.33,180.73,182.84,2003623,181.18,180.43,0.0145,182.01
2024-10-31,183.07,183.2,181.66,182.01,1920490,181.06,180.55,-0.0045,180.92
2024-11-01,182.05,182.86,180.27,180.92,2081409,181.03,180.57,-0.006,181.09
2024-11-02,180.96,181.29,180.38,181.09,1557901,181.42,180.73,0.0009,180.35
2024-11-03,180.39,180.85,179.7,180.35,2804985,181.44,180.9,-0.0041,179.32
2024-11-04,180.19,180.41,179.02,179.32,2249829,180.74,180.97,-0.0057,179.62
2024-11-05,179.37,180.25,178.62,179.62,2144755,180.26,181.12,0.0017,180.1
2024-11-06,179.4,180.43,178.71,180.1,1702699,180.1,181.18,0.0027,181.54
2024-11-07,180.16,182.0,179.72,181.54,2317137,180.19,181.28,0.008,182.03
2024-11-08,181.52,182.05,180.98,182.03,1616607,180.52,181.43,0.0027,181.42
2024-11-09,180.99,181.89,180.49,181.42,2337137,180.94,181.55,-0.0034,182.41
2024-11-10,180.92,182.74,180.77,182.41,2083247,181.5,181.61,0.0055,179.55
2024-11-11,181.48,181.94,179.04,179.55,2064231,181.39,181.43,-0.0157,179.39
2024-11-12,180.04,180.6,178.82,179.39,1703492,180.96,181.21,-0.0009,179.95
2024-11-13,179.1,180.0,178.73,179.95,2458337,180.54,181.03,0.0031,179.6
2024-11-14,180.08,180.54,178.8,179.6,3256882,180.18,180.76,-0.0019,178.11
2024-11-15,179.63,180.16,177.93,178.11,1891041,179.32,180.53,-0.0083,178.31
2024-11-16,177.69,179.0,177.18,178.31,1102456,179.07,180.4,0.0011,182.19
2024-11-17,177.77,182.56,177.15,182.19,2245892,179.63,180.55,0.0218,183.85
2024-11-18,182.39,184.09,181.23,183.85,2147801,180.41,180.73,0.0091,183.3
2024-11-19,183.43,184.15,182.6,183.3,2429590,181.15,180.75,-0.003,183.45
2024-11-20,183.45,184.15,183.07,183.45,2349826,182.22,180.82,0.0008,181.68
2024-11-21,182.88,183.26,181.4,181.68,1330625,182.89,180.86,-0.0096,184.35
2024-11-22,181.29,185.2,180.99,184.35,2178282,183.33,181.03,0.0147,182.73
2024-11-23,184.71,185.6,181.45,182.73,1480463,183.1,181.14,-0.0088,184.1
2024-11-24,183.03,184.22,182.33,184.1,1525914,183.26,181.38,0.0075,182.98
2024-11-25,184.78,185.1,182.2,182.98,2749391,183.17,181.55,-0.0061,184.69
2024-11-26,183.98,185.36,183.25,184.69,1564620,183.77,181.78,0.0093,184.09
2024-11-27,184.26,184.53,183.88,184.09,1846106,183.72,181.91,-0.0032,185.87
2024-11-28,184.0,186.78,183.79,185.87,1776050,184.35,182.1,0.0097,187.62
2024-11-29,185.97,188.18,185.48,187.62,1745513,185.05,182.41,0.0094,187.06
2024-11-30,186.71,187.72,185.85,187.06,1885529,185.87,182.64,-0.003,185.91
2024-12-01,186.66,187.05,185.18,185.91,1534565,186.11,182.96,-0.0061,186.7
2024-12-02,186.04,187.19,185.59,186.7,1758509,186.63,183.33,0.0042,187.83
2024-12-03,186.89,188.38,186.04,187.83,1736224,187.02,183.72,0.0061,188.88
2024-12-04,187.52,189.29,187.22,188.88,1984003,187.28,184.18,0.0056,190.79
2024-12-05,188.73,191.15,187.75,190.79,1462910,188.02,184.82,0.0101,189.07
2024-12-06,190.74,191.67,188.68,189.07,1752834,188.65,185.36,-0.009,191.82
2024-12-07,187.94,192.5,187.61,191.82,1717532,189.68,185.84,0.0145,190.92
2024-12-08,191.83,192.07,190.54,190.92,1546336,190.3,186.19,-0.0047,187.86
2024-12-09,189.83,190.12,187.31,187.86,2011900,190.09,186.42,-0.016,188.33
2024-12-10,188.09,188.76,187.78,188.33,2058804,189.6,186.66,0.0025,185.67
2024-12-11,188.49,188.63,185.29,185.67,2210755,188.92,186.86,-0.0141,186.28
2024-12-12,186.12,186.66,186.02,186.28,1844609,187.81,186.96,0.0033,185.56
2024-12-13,186.6,186.99,185.46,185.56,1724455,186.74,187.1,-0.0039,183.72
2024-12-14,185.47,185.69,183.66,183.72,1784591,185.91,187.08,-0.0099,184.47
2024-12-15,183.42,184.95,182.56,184.47,2120872,185.14,187.16,0.0041,184.19
2024-12-16,184.26,184.42,183.63,184.19,2329495,184.84,187.13,-0.0015,183.99
2024-12-17,183.49,184.35,182.95,183.99,2824235,184.39,187.13,-0.0011,182.27
2024-12-18,183.91,184.15,182.17,182.27,1849778,183.73,186.95,-0.0093,182.85
2024-12-19,182.39,183.25,181.85,182.85,2716777,183.55,186.71,0.0032,182.14
2024-12-20,181.54,182.25,180.86,182.14,1165604,183.09,186.46,-0.0039,178.95
2024-12-21,182.51,183.05,178.32,178.95,1667197,182.04,186.11,-0.0175,177.69
2024-12-22,178.25,178.71,177.38,177.69,2031817,180.78,185.66,-0.007,179.03
2024-12-23,177.96,179.58,177.87,179.03,1759772,180.13,185.22,0.0075,179.92
2024-12-24,178.64,180.18,177.6,179.92,2371969,179.55,184.78,0.005,181.01
2024-12-25,180.23,181.14,180.18,181.01,1655297,179.32,184.29,0.0061,180.05
2024-12-26,181.02,181.1,179.66,180.05,2216189,179.54,183.84,-0.0053,182.15
2024-12-27,180.15,182.6,178.9,182.15,1533875,180.43,183.35,0.0117,180.97
2024-12-28,181.48,182.62,180.62,180.97,2308389,180.82,182.86,-0.0065,180.91
2024-12-29,181.63,181.84,180.29,180.91,1891031,181.02,182.51,-0.0003,182.28
2024-12-30,181.3,182.79,181.25,182.28,882902,181.27,182.2,0.0076,182.69
2024-12-31,182.62,183.52,181.91,182.69,2090260,181.8,182.06,0.0022,180.97
2025-01-01,182.45,182.61,179.88,180.97,1524145,181.56,181.79,-0.0094,184.36
2025-01-02,181.48,185.35,180.87,184.36,2531093,182.24,181.73,0.0187,182.53
2025-01-03,183.59,184.38,181.96,182.53,2197061,182.57,181.67,-0.0099,183.02
2025-01-04,182.39,183.56,181.75,183.02,1883294,182.71,181.6,0.0027,183.7
2025-01-05,183.83,184.15,183.25,183.7,2327663,182.92,181.57,0.0037,185.59
2025-01-06,184.58,186.4,184.05,185.59,1747757,183.84,181.65,0.0103,181.74
2025-01-07,185.55,186.1,180.64,181.74,1771451,183.32,181.63,-0.0207,182.73
2025-01-08,182.22,182.98,181.61,182.73,1657046,183.36,181.62,0.0054,183.9
2025-01-09,182.58,183.96,181.68,183.9,2235110,183.53,181.71,0.0064,180.35
2025-01-10,184.58,185.3,180.32,180.35,1710096,182.86,181.78,-0.0193,181.88
2025-01-11,179.51,182.29,179.04,181.88,1331909,182.12,181.99,0.0085,181.35
2025-01-12,181.42,181.92,181.3,181.35,1759335,182.04,182.1,-0.0029,179.3
2025-01-13,181.44,182.16,178.79,179.3,1086447,181.36,182.07,-0.0113,177.35
2025-01-14,179.31,179.87,176.45,177.35,2133740,180.05,181.89,-0.0109,176.65
2025-01-15,177.38,177.55,176.33,176.65,1656774,179.31,181.72,-0.0039,174.69
2025-01-16,176.57,177.09,174.66,174.69,2118347,177.87,181.35,-0.0111,172.86
2025-01-17,174.42,174.8,172.18,172.86,1831953,176.17,180.94,-0.0105,173.03
2025-01-18,173.17,173.66,172.6,173.03,1992541,174.92,180.55,0.001,172.33
2025-01-19,173.22,173.98,171.45,172.33,1849891,173.91,180.05,-0.004,173.84
2025-01-20,172.53,174.46,172.16,173.84,2173485,173.35,179.61,0.0088,172.65
2025-01-21,173.03,173.42,171.98,172.65,1544125,172.94,179.19,-0.0068,171.4
2025-01-22,172.05,172.21,170.96,171.4,2029401,172.65,178.54,-0.0072,171.44
2025-01-23,171.5,171.9,170.55,171.44,2962214,172.33,177.99,0.0002,170.76
2025-01-24,170.71,170.79,170.1,170.76,1801249,172.02,177.38,-0.004,169.95
2025-01-25,169.63,170.39,169.4,169.95,2119948,171.24,176.69,-0.0047,169.62
2025-01-26,170.38,170.88,168.96,169.62,1563333,170.63,175.89,-0.0019,166.75
2025-01-27,168.84,170.19,166.37,166.75,2047853,169.7,175.14,-0.0169,166.58
2025-01-28,166.1,167.22,165.71,166.58,1978473,168.73,174.33,-0.001,168.07
2025-01-29,167.01,168.19,166.3,168.07,1990327,168.19,173.54,0.0089,165.52
2025-01-30,168.12,168.13,165.27,165.52,2097878,167.31,172.8,-0.0152,165.12
2025-01-31,164.89,165.67,164.28,165.12,2291595,166.41,171.96,-0.0024,161.5
2025-02-01,164.94,166.25,161.07,161.5,2498047,165.36,170.97,-0.0219,163.71
2025-02-02,161.53,163.97,160.56,163.71,1302860,164.78,170.19,0.0137,163.92
2025-02-03,163.85,164.08,162.99,163.92,1713776,163.95,169.52,0.0013,161.58
2025-02-04,164.08,164.78,160.88,161.58,2860381,163.17,168.77,-0.0143,161.54
2025-02-05,160.99,161.59,160.85,161.54,2304211,162.45,168.11,-0.0002,160.3
2025-02-06,161.1,161.79,160.07,160.3,2749420,162.21,167.48,-0.0077,159.55
2025-02-07,159.98,160.86,158.68,159.55,1820655,161.38,166.81,-0.0047,156.8
2025-02-08,159.47,160.04,156.53,156.8,1584039,159.95,166.03,-0.0172,156.91
2025-02-09,156.35,157.79,156.14,156.91,1331312,159.02,165.18,0.0007,156.67
2025-02-10,156.08,157.04,155.29,156.67,2091542,158.05,164.38,-0.0015,155.17
2025-02-11,156.26,156.44,154.78,155.17,1866925,157.02,163.57,-0.0096,156.86
2025-02-12,155.77,157.83,154.96,156.86,1741159,156.48,162.84,0.0109,155.51
2025-02-13,155.6,156.05,154.69,155.51,1596317,156.22,162.08,-0.0086,154.56
2025-02-14,155.12,156.15,154.03,154.56,2180203,155.75,161.31,-0.0061,154.84
2025-02-15,153.62,155.53,153.45,154.84,2573828,155.39,160.57,0.0018,155.04
2025-02-16,154.78,155.72,153.98,155.04,1334220,155.36,159.99,0.0013,153.21
2025-02-17,154.64,155.17,153.02,153.21,2806561,154.63,159.32,-0.0118,154.94
2025-02-18,154.26,155.65,153.86,154.94,1876988,154.52,158.66,0.0113,156.12
2025-02-19,155.36,156.44,154.51,156.12,1313921,154.83,158.19,0.0076,154.25
2025-02-20,156.47,156.81,153.67,154.25,2019921,154.71,157.65,-0.012,154.1
2025-02-21,155.3,155.81,154.01,154.1,2638643,154.52,157.28,-0.001,154.31
2025-02-22,154.1,155.35,153.63,154.31,1802022,154.74,156.81,0.0014,157.12
2025-02-23,154.62,157.69,153.98,157.12,1554575,155.18,156.47,0.0182,159.16
2025-02-24,156.71,160.19,156.16,159.16,2845434,155.79,156.35,0.013,160.14
2025-02-25,159.31,160.34,158.66,160.14,2375750,156.97,156.28,0.0062,159.67
2025-02-26,159.39,160.51,159.09,159.67,1547319,158.08,156.25,-0.0029,158.41
2025-02-27,158.88,159.72,158.17,158.41,1940980,158.9,156.19,-0.0079,159.17
2025-02-28,158.48,160.26,157.75,159.17,2107519,159.31,156.31,0.0048,162.79
2025-03-01,159.04,163.2,158.5,162.79,2480361,160.04,156.6,0.0227,160.19
2025-03-02,162.43,162.78,159.65,160.19,2971075,160.05,156.78,-0.016,161.85
2025-03-03,160.6,162.64,159.73,161.85,3114325,160.48,157.11,0.0104,160.22
2025-03-04,160.73,161.23,159.46,160.22,1430554,160.84,157.28,-0.0101,161.5
2025-03-05,160.97,162.02,160.16,161.5,3391571,161.31,157.58,0.008,163.58
2025-03-06,162.66,164.26,162.43,163.58,1950327,161.47,158.03,0.0129,164.65
2025-03-07,163.33,165.32,163.28,164.65,2050617,162.36,158.52,0.0065,165.72
2025-03-08,165.02,166.6,164.65,165.72,1904271,163.13,159.06,0.0065,167.64
2025-03-09,165.78,168.11,165.38,167.64,1835424,164.62,159.78,0.0116,165.27
2025-03-10,167.57,168.3,164.76,165.27,2106284,165.37,160.29,-0.0141,164.61
2025-03-11,164.83,165.35,163.88,164.61,1503153,165.58,160.72,-0.004,165.11
2025-03-12,164.96,165.68,164.27,165.11,1518033,165.67,161.26,0.003,164.32
2025-03-13,165.64,166.84,164.08,164.32,2213891,165.39,161.77,-0.0048,162.87
2025-03-14,163.94,164.55,162.83,162.87,1771490,164.44,162.2,-0.0088,162.79
2025-03-15,162.94,163.21,162.23,162.79,2726946,163.94,162.48,-0.0005,161.23
2025-03-16,162.38,162.8,160.72,161.23,2885964,163.26,162.59,-0.0096,162.6
2025-03-17,160.95,163.11,160.16,162.6,1759577,162.76,162.71,0.0085,163.22
2025-03-18,163.26,164.43,162.82,163.22,1397971,162.54,162.89,0.0038,161.64
2025-03-19,162.78,163.5,161.01,161.64,1897236,162.3,163.05,-0.0097,159.31
2025-03-20,160.67,161.44,159.21,159.31,1280496,161.6,163.06,-0.0144,159.31
2025-03-21,159.53,159.77,158.77,159.31,1804067,161.22,162.88,0.0,158.47
2025-03-22,160.43,160.65,158.25,158.47,2725073,160.39,162.8,-0.0053,158.02
2025-03-23,158.09,158.72,157.17,158.02,1957258,159.35,162.6,-0.0028,159.94
2025-03-24,158.0,160.01,157.96,159.94,1343294,159.01,162.59,0.0122,158.58
2025-03-25,159.39,160.58,157.52,158.58,1492042,158.86,162.44,-0.0085,162.06
2025-03-26,159.66,162.11,159.31,162.06,2225101,159.41,162.37,0.0219,161.5
2025-03-27,161.46,161.92,160.55,161.5,2547838,160.02,162.21,-0.0035,161.56
2025-03-28,161.59,162.38,161.28,161.56,1601800,160.73,162.0,0.0004,160.06
2025-03-29,160.32,160.75,159.27,160.06,1698707,160.75,161.62,-0.0093,161.05
2025-03-30,160.95,161.23,160.7,161.05,2229803,161.25,161.41,0.0062,160.41
2025-03-31,161.3,161.96,159.72,160.41,1305382,160.92,161.2,-0.004,161.04
2025-04-01,159.51,161.86,159.34,161.04,1795590,160.82,161.0,0.0039,159.39
2025-04-02,160.87,161.8,158.65,159.39,1894762,160.39,160.75,-0.0102,160.89
2025-04-03,160.4,161.49,159.99,160.89,2088138,160.56,160.65,0.0094,160.23
2025-04-04,160.34,160.72,159.7,160.23,2399154,160.39,160.53,-0.0041,159.99
2025-04-05,160.25,161.02,159.25,159.99,2392269,160.31,160.46,-0.0015,158.8
2025-04-06,160.34,161.27,158.39,158.8,1863040,159.86,160.27,-0.0074,160.64
2025-04-07,158.42,160.87,158.14,160.64,1814552,160.11,160.14,0.0116,162.66
2025-04-08,161.21,162.75,160.41,162.66,1628472,160.46,160.2,0.0126,164.31
2025-04-09,163.01,164.49,162.56,164.31,2734652,161.28,160.45,0.0101,166.18
2025-04-10,164.31,166.56,163.42,166.18,1755498,162.52,160.79,0.0114,163.81
2025-04-11,165.91,166.75,163.7,163.81,2303499,163.52,161.06,-0.0143,164.65
2025-04-12,163.59,165.19,163.1,164.65,1582395,164.32,161.39,0.0051,164.98
2025-04-13,165.13,165.82,164.98,164.98,1542572,164.79,161.64,0.002,163.34
2025-04-14,165.35,165.47,162.91,163.34,3079561,164.59,161.88,-0.0099,161.5
2025-04-15,163.79,164.45,160.81,161.5,1399472,163.66,161.85,-0.0113,160.07
2025-04-16,161.28,161.71,159.63,160.07,2506829,162.91,161.78,-0.0089,163.05
2025-04-17,161.12,163.14,160.61,163.05,2161723,162.59,161.85,0.0186,165.44
2025-04-18,162.33,165.79,161.87,165.44,2168016,162.68,162.12,0.0147,167.36
2025-04-19,165.44,168.33,165.23,167.36,2837712,163.48,162.44,0.0116,166.91
2025-04-20,166.72,167.68,166.65,166.91,2119494,164.57,162.76,-0.0027,166.08
2025-04-21,167.28,167.57,165.47,166.08,2004400,165.77,163.01,-0.005,166.71
2025-04-22,166.03,166.75,165.43,166.71,2132261,166.5,163.38,0.0038,165.59
2025-04-23,166.6,167.26,165.03,165.59,1320562,166.53,163.61,-0.0067,165.04
2025-04-24,165.85,166.11,164.09,165.04,2627506,166.07,163.86,-0.0033,163.2
2025-04-25,163.88,164.27,162.85,163.2,1900669,165.32,164.02,-0.0111,164.24
2025-04-26,163.46,164.31,163.0,164.24,1415579,164.96,164.29,0.0064,165.4
2025-04-27,164.02,165.72,163.51,165.4,2313290,164.69,164.53,0.0071,163.46
2025-04-28,165.09,165.13,163.26,163.46,1485318,164.27,164.57,-0.0117,165.3
2025-04-29,163.79,165.76,162.83,165.3,1504696,164.32,164.62,0.0113,163.8
2025-04-30,165.06,165.72,163.5,163.8,1983383,164.44,164.5,-0.0091,162.78
2025-05-01,163.24,163.43,162.1,162.78,2140342,164.15,164.44,-0.0062,162.83
2025-05-02,161.77,163.06,161.37,162.83,2295032,163.63,164.35,0.0003,166.17
2025-05-03,162.4,166.73,161.36,166.17,2164727,164.18,164.41,0.0205,168.28
2025-05-04,166.76,168.76,166.37,168.28,2563065,164.77,164.66,0.0127,165.85
2025-05-05,167.64,168.68,165.47,165.85,2247080,165.18,164.88,-0.0144,164.75
2025-05-06,166.56,167.53,163.98,164.75,1648197,165.58,165.11,-0.0066,164.34
2025-05-07,164.78,165.79,164.28,164.34,1403476,165.88,165.18,-0.0025,164.21
2025-05-08,164.75,165.58,163.63,164.21,1820018,165.49,165.12,-0.0008,163.95
2025-05-09,163.99,164.55,163.27,163.95,1688318,164.62,164.94,-0.0016,163.35
2025-05-10,164.36,164.57,162.64,163.35,1746358,164.12,164.77,-0.0037,161.06
2025-05-11,162.57,163.54,160.33,161.06,1793803,163.38,164.52,-0.014,161.3
2025-05-12,160.68,161.71,160.6,161.3,1919553,162.77,164.24,0.0015,163.7
2025-05-13,162.01,164.09,161.3,163.7,1940335,162.67,164.15,0.0149,164.69
2025-05-14,164.34,165.15,164.24,164.69,3078538,162.82,164.13,0.006,163.43
2025-05-15,164.11,164.32,163.12,163.43,1988025,162.84,164.14,-0.0077,162.27
2025-05-16,162.66,163.63,161.74,162.27,2669733,163.08,164.05,-0.0071,160.88
2025-05-17,161.25,161.38,160.23,160.88,2735782,162.99,163.82,-0.0086,159.13
2025-05-18,161.75,161.87,158.61,159.13,2399724,162.08,163.6,-0.0109,160.26
2025-05-19,159.61,160.27,159.05,160.26,1637784,161.19,163.35,0.0071,159.54
2025-05-20,161.36,162.09,159.04,159.54,2489033,160.42,163.14,-0.0045,163.14
2025-05-21,159.57,163.15,159.35,163.14,1164964,160.59,163.16,0.0226,164.45
2025-05-22,163.87,164.77,163.24,164.45,1349324,161.3,163.24,0.008,165.02
2025-05-23,164.31,165.41,164.01,165.02,2030955,162.48,163.18,0.0035,164.42
2025-05-24,165.0,165.17,163.38,164.42,1611611,163.31,162.99,-0.0036,163.75
2025-05-25,164.73,165.77,163.05,163.75,2488930,164.16,162.88,-0.0041,162.63
2025-05-26,164.52,164.98,162.04,162.63,2358595,164.05,162.78,-0.0068,160.77
2025-05-27,161.69,162.25,160.4,160.77,1296686,163.32,162.6,-0.0114,160.82
2025-05-28,160.44,161.43,159.9,160.82,2411708,162.48,162.43,0.0003,162.24
2025-05-29,161.06,162.59,160.58,162.24,1512439,162.04,162.34,0.0088,159.28
2025-05-30,161.89,162.54,158.99,159.28,1863660,161.15,162.14,-0.0182,159.44
2025-05-31,158.72,160.29,158.25,159.44,2342783,160.51,162.06,0.001,158.51
2025-06-01,158.86,159.24,158.0,158.51,2689629,160.06,161.92,-0.0058,158.11
2025-06-02,158.53,158.92,157.55,158.11,2685513,159.52,161.64,-0.0025,159.66
2025-06-03,158.07,160.69,157.31,159.66,2229632,159.0,161.39,0.0098,160.62
2025-06-04,158.97,160.65,158.4,160.62,1671224,159.27,161.25,0.006,160.52
2025-06-05,160.28,161.21,159.63,160.52,2349201,159.48,161.16,-0.0006,160.98
2025-06-06,160.46,161.76,160.18,160.98,1370579,159.98,161.16,0.0029,159.83
2025-06-07,161.24,161.59,159.38,159.83,2389128,160.32,161.2,-0.0071,159.23
2025-06-08,160.36,160.84,158.71,159.23,2767159,160.24,161.15,-0.0038,160.39
2025-06-09,159.14,160.97,158.14,160.39,1167587,160.19,161.19,0.0073,161.38
2025-06-10,160.74,162.01,160.29,161.38,1485747,160.36,161.1,0.0062,162.88
2025-06-11,161.55,163.62,161.1,162.88,2549743,160.74,161.02,0.0093,162.7
2025-06-12,162.66,163.41,161.83,162.7,2546537,161.32,160.91,-0.0011,163.12
2025-06-13,163.4,164.36,162.14,163.12,1843209,162.09,160.84,0.0026,163.95
2025-06-14,162.08,163.97,161.5,163.95,1758174,162.81,160.85,0.0051,163.91
2025-06-15,163.23,164.16,163.1,163.91,1401958,163.31,160.92,-0.0002,163.97
2025-06-16,163.68,164.44,162.28,163.97,1918552,163.53,161.08,0.0004,164.81
2025-06-17,163.67,164.86,163.17,164.81,1891843,163.95,161.28,0.0051,163.93
2025-06-18,164.57,165.21,163.92,163.93,2474469,164.11,161.36,-0.0053,162.72
2025-06-19,163.65,164.71,162.47,162.72,3260506,163.87,161.53,-0.0074,163.76
2025-06-20,163.09,164.3,162.74,163.76,2419033,163.84,161.75,0.0064,164.66
2025-06-21,164.61,165.21,164.2,164.66,1704783,163.98,162.06,0.0055,166.08
2025-06-22,164.71,166.94,164.0,166.08,2125673,164.23,162.46,0.0086,164.65
2025-06-23,165.42,166.04,163.95,164.65,1425921,164.37,162.7,-0.0086,163.55
2025-06-24,164.22,164.97,163.39,163.55,1600257,164.54,162.85,-0.0067,163.44
2025-06-25,163.14,163.49,162.1,163.44,1698984,164.48,163.0,-0.0007,163.43
2025-06-26,163.55,163.8,163.11,163.43,1646630,164.23,163.12,-0.0001,162.65
2025-06-27,162.69,163.47,162.13,162.65,2158066,163.54,163.26,-0.0048,161.7
2025-06-28,162.38,162.67,161.09,161.7,1324028,162.95,163.38,-0.0058,161.27
2025-06-29,162.28,163.11,161.16,161.27,1523243,162.5,163.43,-0.0027,165.49
2025-06-30,161.63,166.08,161.28,165.49,2826868,162.91,163.63,0.0262,164.87
2025-07-01,164.96,165.22,164.12,164.87,2080086,163.2,163.73,-0.0037,164.75
2025-07-02,164.75,165.16,163.92,164.75,1831449,163.62,163.84,-0.0007,162.63
2025-07-03,165.3,165.35,161.86,162.63,1807344,163.8,163.81,-0.0129,163.29
2025-07-04,162.21,163.41,161.23,163.29,1696045,164.21,163.78,0.0041,167.36
2025-07-05,163.33,168.19,162.77,167.36,2197318,164.58,163.95,0.0249,166.48
2025-07-06,166.98,168.06,166.13,166.48,1953191,164.9,164.08,-0.0053,169.95
2025-07-07,167.07,170.86,166.56,169.95,2113296,165.94,164.33,0.0208,172.45
2025-07-08,170.92,173.2,170.23,172.45,1865045,167.91,164.76,0.0147,171.72
2025-07-09,172.11,172.24,171.38,171.72,1407368,169.59,165.21,-0.0042,175.43
2025-07-10,172.27,176.21,172.09,175.43,2506711,171.21,165.79,0.0216,175.64
2025-07-11,175.63,176.38,175.6,175.64,2302126,173.04,166.34,0.0012,176.04
2025-07-12,176.37,177.27,175.28,176.04,3045210,174.26,166.84,0.0023,175.8
2025-07-13,176.24,176.73,175.56,175.8,2596549,174.93,167.4,-0.0014,175.96
2025-07-14,175.85,176.33,175.45,175.96,2111485,175.77,168.02,0.0009,173.66
2025-07-15,175.69,176.34,173.46,173.66,2770358,175.42,168.53,-0.0131,175.33
2025-07-16,173.47,175.4,172.67,175.33,1834325,175.36,169.12,0.0096,175.28
2025-07-17,174.56,176.01,174.23,175.28,1971322,175.21,169.76,-0.0003,175.32
2025-07-18,175.44,176.26,174.95,175.32,2280554,175.11,170.44,0.0002,178.61
2025-07-19,175.66,179.57,174.98,178.61,1668126,175.64,171.3,0.0188,178.74
2025-07-20,178.55,179.01,178.47,178.74,2251243,176.66,171.97,0.0007,180.49
2025-07-21,179.37,181.23,178.25,180.49,2225345,177.69,172.75,0.0098,179.98
2025-07-22,180.19,180.36,179.91,179.98,1870678,178.63,173.51,-0.0028,180.51
2025-07-23,180.41,180.86,179.4,180.51,1387724,179.67,174.4,0.0029,181.48
2025-07-24,179.68,182.17,179.39,181.48,1868038,180.24,175.31,0.0054,181.51
2025-07-25,181.33,182.2,180.95,181.51,1226932,180.79,176.02,0.0002,180.37
2025-07-26,180.57,180.8,180.14,180.37,2652761,180.77,176.71,-0.0063,179.47
2025-07-27,180.71,181.08,179.22,179.47,1762528,180.67,177.19,-0.005,180.09
2025-07-28,180.14,180.66,179.76,180.09,1992646,180.58,177.57,0.0035,179.79
2025-07-29,180.35,180.66,179.47,179.79,1741537,180.25,177.98,-0.0017,181.58
2025-07-30,179.54,182.09,179.18,181.58,2726461,180.26,178.28,0.01,183.01
2025-07-31,181.96,183.24,181.26,183.01,1801640,180.79,178.65,0.0079,179.77
2025-08-01,182.86,183.05,179.63,179.77,2986979,180.85,178.84,-0.0177,181.44
2025-08-02,179.79,181.8,179.37,181.44,1894159,181.12,179.12,0.0093,182.02
2025-08-03,181.09,182.64,180.82,182.02,1774459,181.56,179.42,0.0032,182.45
2025-08-04,182.36,182.56,181.22,182.45,1845424,181.74,179.86,0.0024,180.47
2025-08-05,183.49,183.86,180.04,180.47,2374641,181.23,180.12,-0.0109,180.73
2025-08-06,180.5,181.48,180.26,180.73,1290471,181.42,180.39,0.0014,180.88
2025-08-07,180.63,180.99,180.54,180.88,2822232,181.31,180.67,0.0008,178.36
2025-08-08,180.01,180.84,178.18,178.36,1877489,180.58,180.66,-0.0139,183.88
2025-08-09,179.18,184.7,178.44,183.88,1882921,180.86,180.91,0.0309,183.65
2025-08-10,184.02,184.24,183.45,183.65,2285222,181.5,181.07,-0.0013,182.69
2025-08-11,183.34,183.63,182.11,182.69,2642688,181.89,181.21,-0.0052,182.85
2025-08-12,182.33,183.67,181.54,182.85,2302881,182.29,181.32,0.0009,185.98
2025-08-13,183.23,186.46,182.73,185.98,1629025,183.81,181.55,0.0171,185.45
2025-08-14,185.65,186.41,184.92,185.45,2047916,184.12,181.75,-0.0028,184.14
2025-08-15,185.37,186.08,183.71,184.14,2377472,184.22,181.94,-0.0071,184.42
2025-08-16,184.52,184.79,183.51,184.42,2975214,184.57,182.18,0.0015,184.34
2025-08-17,184.38,185.45,183.85,184.34,2373194,184.87,182.4,-0.0004,184.34
2025-08-18,184.13,184.59,183.95,184.34,1664702,184.54,182.62,0.0,185.97
2025-08-19,184.27,186.15,183.18,185.97,2000690,184.64,182.84,0.0088,183.93
2025-08-20,185.49,185.85,183.66,183.93,2067143,184.6,182.89,-0.011,180.41
2025-08-21,183.31,183.51,180.03,180.41,1982551,183.8,182.92,-0.0191,179.86
2025-08-22,180.53,181.17,179.15,179.86,2535430,182.9,182.84,-0.003,181.39
2025-08-23,180.76,182.57,180.07,181.39,2008618,182.31,182.81,0.0085,180.48
2025-08-24,180.52,181.03,179.62,180.48,1713442,181.21,182.71,-0.005,180.48
2025-08-25,179.84,180.73,178.94,180.48,1573177,180.52,182.71,0.0,180.33
2025-08-26,181.06,181.96,179.57,180.33,2105263,180.51,182.69,-0.0008,179.7
2025-08-27,180.02,180.19,179.02,179.7,2414947,180.48,182.63,-0.0035,177.53
2025-08-28,179.44,180.01,177.02,177.53,1797435,179.7,182.59,-0.0121,174.88
2025-08-29,177.72,178.49,174.12,174.88,1816433,178.58,182.14,-0.0149,174.58
2025-08-30,175.03,175.67,173.83,174.58,2590573,177.4,181.69,-0.0017,176.36
2025-08-31,176.22,177.02,175.55,176.36,2243902,176.61,181.37,0.0102,176.12
2025-09-01,176.26,176.53,175.12,176.12,1803991,175.89,181.03,-0.0014,177.5
2025-09-02,176.43,177.68,176.02,177.5,1302185,175.89,180.61,0.0078,177.37
2025-09-03,177.38,177.75,176.87,177.37,1504619,176.39,180.21,-0.0007,178.22
2025-09-04,176.66,178.57,176.58,178.22,2037912,177.11,179.91,0.0048,177.71
2025-09-05,178.37,178.64,177.23,177.71,1368862,177.38,179.58,-0.0029,179.78
2025-09-06,178.82,180.67,178.15,179.78,1911290,178.12,179.35,0.0116,181.53
2025-09-07,179.65,181.89,179.01,181.53,1531026,178.92,179.21,0.0097,182.67
2025-09-08,181.12,183.33,180.7,182.67,1802893,179.98,179.04,0.0063,180.35
2025-09-09,182.1,183.23,180.1,180.35,1825844,180.41,178.86,-0.0127,180.0
2025-09-10,180.53,181.28,179.11,180.0,1514979,180.87,178.84,-0.0019,176.75
2025-09-11,180.1,181.17,176.35,176.75,1870194,180.26,178.69,-0.0181,177.62
2025-09-12,177.16,177.67,176.65,177.62,1119201,179.48,178.5,0.0049,177.93
2025-09-13,178.69,179.02,177.49,177.93,2838599,178.53,178.37,0.0017,177.7
2025-09-14,177.5,178.18,177.46,177.7,2337457,178.0,178.23,-0.0013,177.81
2025-09-15,177.47,177.96,176.83,177.81,2867493,177.56,178.11,0.0006,177.77
2025-09-16,178.12,178.67,177.43,177.77,2067952,177.77,178.01,-0.0002,179.11
2025-09-17,177.57,179.16,177.45,179.11,2580881,178.06,178.09,0.0075,179.41
2025-09-18,178.47,179.52,178.35,179.41,1800341,178.36,178.31,0.0017,180.33
2025-09-19,179.39,181.07,178.49,180.33,2474244,178.89,178.6,0.0051,181.64
2025-09-20,180.92,182.24,180.36,181.64,1766113,179.65,178.87,0.0073,183.08
2025-09-21,181.78,183.97,181.28,183.08,1603465,180.71,179.21,0.0079,183.4
2025-09-22,183.71,183.92,183.12,183.4,1594109,181.57,179.51,0.0017,182.27
2025-09-23,182.79,183.65,181.95,182.27,1523017,182.14,179.75,-0.0062,182.32
2025-09-24,182.25,182.53,182.12,182.32,1655980,182.54,179.96,0.0003,184.46
2025-09-25,182.65,184.95,181.74,184.46,2274170,183.11,180.3,0.0117,183.45
2025-09-26,184.67,185.41,182.92,183.45,2069543,183.18,180.48,-0.0055,183.45
